Workbook
Name value: Sheet1!$A$7

Sheet helmet
A1: Name | B1: eng | C1: Drop | D1: Base_phy | E1: Base_mag | F1: Base_sta | G1: phy_cor | H1: phy_spi | I1: phy_gra | J1: mag_cor | K1: mag_spi | L1: mag_gra | M1: sta_cor | N1: sta_spi | O1: sta_gra | P1: min_cor | Q1: min_spi | R1: min_gra | S1: phy | T1: mag | U1: sta | V1: Score | W1: Rank
A2: 承种者面具 | B2: ARBEARER'S MASK | C2: 南瓜人 | D2: 4 | E2: 1 | F2: 2 | G2: 3 | J2: 1 | M2: 2 | P2: 22 | S2: =IF(tblHelmet[[#This Row],[Name]]="","", IF( AND( Sheet1!$A$2 >= tblHelmet[[#This Row],[min_cor]], Sheet1!$B$2 >= tblHelmet[[#This Row],[min_spi]], Sheet1!$C$2 >= tblHelmet[[#This Row],[min_gra]] ), _xlfn.FLOOR.MATH( value*tblHelmet[[#This Row],[phy_cor]]*Sheet1!$A$2 + value*tblHelmet[[#This Row],[phy_spi]]*Sheet1!$B$2 + value*tblHelmet[[#This Row],[phy_gra]]*Sheet1!$C$2 ) + tblHelmet[[#This Row],[Base_phy]], tblHelmet[[#This Row],[Base_phy]] )) -> 4 | T2: =IF(tblHelmet[[#This Row],[Name]]="","", IF(AND(Sheet1!$A$2>=tblHelmet[[#This Row],[min_cor]], Sheet1!$B$2>=tblHelmet[[#This Row],[min_spi]], Sheet1!$C$2>=tblHelmet[[#This Row],[min_gra]]), _xlfn.FLOOR.MATH(value*tblHelmet[[#This Row],[mag_cor]]*Sheet1!$A$2 + value*tblHelmet[[#This Row],[mag_spi]]*Sheet1!$B$2 + value*tblHelmet[[#This Row],[mag_gra]]*Sheet1!$C$2) + tblHelmet[[#This Row],[Base_mag]], tblHelmet[[#This Row],[Base_mag]])) -> 1 | U2: =IF(tblHelmet[[#This Row],[Name]]="","", IF(AND(Sheet1!$A$2>=tblHelmet[[#This Row],[min_cor]], Sheet1!$B$2>=tblHelmet[[#This Row],[min_spi]], Sheet1!$C$2>=tblHelmet[[#This Row],[min_gra]]), _xlfn.FLOOR.MATH(value*tblHelmet[[#This Row],[sta_cor]]*Sheet1!$A$2 + value*tblHelmet[[#This Row],[sta_spi]]*Sheet1!$B$2 + value*tblHelmet[[#This Row],[sta_gra]]*Sheet1!$C$2) + tblHelmet[[#This Row],[Base_sta]], tblHelmet[[#This Row],[Base_sta]])) -> 2 | V2: =IF(tblHelmet[[#This Row],[Name]]="","", tblHelmet[[#This Row],[phy]]*Sheet1!$E$2 + tblHelmet[[#This Row],[mag]]*Sheet1!$F$2 + tblHelmet[[#This Row],[sta]]*Sheet1!$G$2) -> 7 | W2: =IF(tblHelmet[[#This Row],[Name]]="","", _xlfn.RANK.EQ(tblHelmet[[#This Row],[Score]], tblHelmet[Score], 0)) -> 9
A3: 奥伦加头盔 | B3: ARMET OF ORENGALL | C3: 集团 | D3: 3 | E3: =2 -> 2 | F3: 3 | G3: 1 | I3: 3 | J3: 1 | L3: 1 | O3: 3 | R3: 20 | S3: =IF(tblHelmet[[#This Row],[Name]]="","", IF( AND( Sheet1!$A$2 >= tblHelmet[[#This Row],[min_cor]], Sheet1!$B$2 >= tblHelmet[[#This Row],[min_spi]], Sheet1!$C$2 >= tblHelmet[[#This Row],[min_gra]] ), _xlfn.FLOOR.MATH( value*tblHelmet[[#This Row],[phy_cor]]*Sheet1!$A$2 + value*tblHelmet[[#This Row],[phy_spi]]*Sheet1!$B$2 + value*tblHelmet[[#This Row],[phy_gra]]*Sheet1!$C$2 ) + tblHelmet[[#This Row],[Base_phy]], tblHelmet[[#This Row],[Base_phy]] )) -> 17 | T3: =IF(tblHelmet[[#This Row],[Name]]="","", IF(AND(Sheet1!$A$2>=tblHelmet[[#This Row],[min_cor]], Sheet1!$B$2>=tblHelmet[[#This Row],[min_spi]], Sheet1!$C$2>=tblHelmet[[#This Row],[min_gra]]), _xlfn.FLOOR.MATH(value*tblHelmet[[#This Row],[mag_cor]]*Sheet1!$A$2 + value*tblHelmet[[#This Row],[mag_spi]]*Sheet1!$B$2 + value*tblHelmet[[#This Row],[mag_gra]]*Sheet1!$C$2) + tblHelmet[[#This Row],[Base_mag]], tblHelmet[[#This Row],[Base_mag]])) -> 7 | U3: =IF(tblHelmet[[#This Row],[Name]]="","", IF(AND(Sheet1!$A$2>=tblHelmet[[#This Row],[min_cor]], Sheet1!$B$2>=tblHelmet[[#This Row],[min_spi]], Sheet1!$C$2>=tblHelmet[[#This Row],[min_gra]]), _xlfn.FLOOR.MATH(value*tblHelmet[[#This Row],[sta_cor]]*Sheet1!$A$2 + value*tblHelmet[[#This Row],[sta_spi]]*Sheet1!$B$2 + value*tblHelmet[[#This Row],[sta_gra]]*Sheet1!$C$2) + tblHelmet[[#This Row],[Base_sta]], tblHelmet[[#This Row],[Base_sta]])) -> 16 | V3: =IF(tblHelmet[[#This Row],[Name]]="","", tblHelmet[[#This Row],[phy]]*Sheet1!$E$2 + tblHelmet[[#This Row],[mag]]*Sheet1!$F$2 + tblHelmet[[#This Row],[sta]]*Sheet1!$G$2) -> 40 | W3: =IF(tblHelmet[[#This Row],[Name]]="","", _xlfn.RANK.EQ(tblHelmet[[#This Row],[Score]], tblHelmet[Score], 0)) -> 1
A4: 苦行者国王头盔 | B4: BASCINET OF THE MENDICANT KING | C4: 乞王 | D4: 3 | E4: 1 | F4: 3 | G4: 3 | H4: 1 | J4: 1 | K4: 2 | M4: 1 | N4: 1 | P4: 20 | S4: =IF(tblHelmet[[#This Row],[Name]]="","", IF( AND( Sheet1!$A$2 >= tblHelmet[[#This Row],[min_cor]], Sheet1!$B$2 >= tblHelmet[[#This Row],[min_spi]], Sheet1!$C$2 >= tblHelmet[[#This Row],[min_gra]] ), _xlfn.FLOOR.MATH( value*tblHelmet[[#This Row],[phy_cor]]*Sheet1!$A$2 + value*tblHelmet[[#This Row],[phy_spi]]*Sheet1!$B$2 + value*tblHelmet[[#This Row],[phy_gra]]*Sheet1!$C$2 ) + tblHelmet[[#This Row],[Base_phy]], tblHelmet[[#This Row],[Base_phy]] )) -> 3 | T4: =IF(tblHelmet[[#This Row],[Name]]="","", IF(AND(Sheet1!$A$2>=tblHelmet[[#This Row],[min_cor]], Sheet1!$B$2>=tblHelmet[[#This Row],[min_spi]], Sheet1!$C$2>=tblHelmet[[#This Row],[min_gra]]), _xlfn.FLOOR.MATH(value*tblHelmet[[#This Row],[mag_cor]]*Sheet1!$A$2 + value*tblHelmet[[#This Row],[mag_spi]]*Sheet1!$B$2 + value*tblHelmet[[#This Row],[mag_gra]]*Sheet1!$C$2) + tblHelmet[[#This Row],[Base_mag]], tblHelmet[[#This Row],[Base_mag]])) -> 1 | U4: =IF(tblHelmet[[#This Row],[Name]]="","", IF(AND(Sheet1!$A$2>=tblHelmet[[#This Row],[min_cor]], Sheet1!$B$2>=tblHelmet[[#This Row],[min_spi]], Sheet1!$C$2>=tblHelmet[[#This Row],[min_gra]]), _xlfn.FLOOR.MATH(value*tblHelmet[[#This Row],[sta_cor]]*Sheet1!$A$2 + value*tblHelmet[[#This Row],[sta_spi]]*Sheet1!$B$2 + value*tblHelmet[[#This Row],[sta_gra]]*Sheet1!$C$2) + tblHelmet[[#This Row],[Base_sta]], tblHelmet[[#This Row],[Base_sta]])) -> 3 | V4: =IF(tblHelmet[[#This Row],[Name]]="","", tblHelmet[[#This Row],[phy]]*Sheet1!$E$2 + tblHelmet[[#This Row],[mag]]*Sheet1!$F$2 + tblHelmet[[#This Row],[sta]]*Sheet1!$G$2) -> 7 | W4: =IF(tblHelmet[[#This Row],[Name]]="","", _xlfn.RANK.EQ(tblHelmet[[#This Row],[Score]], tblHelmet[Score], 0)) -> 9
A5: 铜肺 | B5: BRAZEN LUNG | D5: 2 | E5: 4 | F5: 0 | H5: 1 | K5: 2 | S5: =IF(tblHelmet[[#This Row],[Name]]="","", IF( AND( Sheet1!$A$2 >= tblHelmet[[#This Row],[min_cor]], Sheet1!$B$2 >= tblHelmet[[#This Row],[min_spi]], Sheet1!$C$2 >= tblHelmet[[#This Row],[min_gra]] ), _xlfn.FLOOR.MATH( value*tblHelmet[[#This Row],[phy_cor]]*Sheet1!$A$2 + value*tblHelmet[[#This Row],[phy_spi]]*Sheet1!$B$2 + value*tblHelmet[[#This Row],[phy_gra]]*Sheet1!$C$2 ) + tblHelmet[[#This Row],[Base_phy]], tblHelmet[[#This Row],[Base_phy]] )) -> 2 | T5: =IF(tblHelmet[[#This Row],[Name]]="","", IF(AND(Sheet1!$A$2>=tblHelmet[[#This Row],[min_cor]], Sheet1!$B$2>=tblHelmet[[#This Row],[min_spi]], Sheet1!$C$2>=tblHelmet[[#This Row],[min_gra]]), _xlfn.FLOOR.MATH(value*tblHelmet[[#This Row],[mag_cor]]*Sheet1!$A$2 + value*tblHelmet[[#This Row],[mag_spi]]*Sheet1!$B$2 + value*tblHelmet[[#This Row],[mag_gra]]*Sheet1!$C$2) + tblHelmet[[#This Row],[Base_mag]], tblHelmet[[#This Row],[Base_mag]])) -> 5 | U5: =IF(tblHelmet[[#This Row],[Name]]="","", IF(AND(Sheet1!$A$2>=tblHelmet[[#This Row],[min_cor]], Sheet1!$B$2>=tblHelmet[[#This Row],[min_spi]], Sheet1!$C$2>=tblHelmet[[#This Row],[min_gra]]), _xlfn.FLOOR.MATH(value*tblHelmet[[#This Row],[sta_cor]]*Sheet1!$A$2 + value*tblHelmet[[#This Row],[sta_spi]]*Sheet1!$B$2 + value*tblHelmet[[#This Row],[sta_gra]]*Sheet1!$C$2) + tblHelmet[[#This Row],[Base_sta]], tblHelmet[[#This Row],[Base_sta]])) -> 0 | V5: =IF(tblHelmet[[#This Row],[Name]]="","", tblHelmet[[#This Row],[phy]]*Sheet1!$E$2 + tblHelmet[[#This Row],[mag]]*Sheet1!$F$2 + tblHelmet[[#This Row],[sta]]*Sheet1!$G$2) -> 7 | W5: =IF(tblHelmet[[#This Row],[Name]]="","", _xlfn.RANK.EQ(tblHelmet[[#This Row],[Score]], tblHelmet[Score], 0)) -> 9
A6: 瑟凯德欺诈头盔 | B6: CIRCADE'S HELM OF DECEIT | C6: 墓穴解密 | D6: 4 | E6: 0 | F6: 2 | G6: 3 | I6: 0 | M6: 2 | P6: 14 | S6: =IF(tblHelmet[[#This Row],[Name]]="","", IF( AND( Sheet1!$A$2 >= tblHelmet[[#This Row],[min_cor]], Sheet1!$B$2 >= tblHelmet[[#This Row],[min_spi]], Sheet1!$C$2 >= tblHelmet[[#This Row],[min_gra]] ), _xlfn.FLOOR.MATH( value*tblHelmet[[#This Row],[phy_cor]]*Sheet1!$A$2 + value*tblHelmet[[#This Row],[phy_spi]]*Sheet1!$B$2 + value*tblHelmet[[#This Row],[phy_gra]]*Sheet1!$C$2 ) + tblHelmet[[#This Row],[Base_phy]], tblHelmet[[#This Row],[Base_phy]] )) -> 4 | T6: =IF(tblHelmet[[#This Row],[Name]]="","", IF(AND(Sheet1!$A$2>=tblHelmet[[#This Row],[min_cor]], Sheet1!$B$2>=tblHelmet[[#This Row],[min_spi]], Sheet1!$C$2>=tblHelmet[[#This Row],[min_gra]]), _xlfn.FLOOR.MATH(value*tblHelmet[[#This Row],[mag_cor]]*Sheet1!$A$2 + value*tblHelmet[[#This Row],[mag_spi]]*Sheet1!$B$2 + value*tblHelmet[[#This Row],[mag_gra]]*Sheet1!$C$2) + tblHelmet[[#This Row],[Base_mag]], tblHelmet[[#This Row],[Base_mag]])) -> 0 | U6: =IF(tblHelmet[[#This Row],[Name]]="","", IF(AND(Sheet1!$A$2>=tblHelmet[[#This Row],[min_cor]], Sheet1!$B$2>=tblHelmet[[#This Row],[min_spi]], Sheet1!$C$2>=tblHelmet[[#This Row],[min_gra]]), _xlfn.FLOOR.MATH(value*tblHelmet[[#This Row],[sta_cor]]*Sheet1!$A$2 + value*tblHelmet[[#This Row],[sta_spi]]*Sheet1!$B$2 + value*tblHelmet[[#This Row],[sta_gra]]*Sheet1!$C$2) + tblHelmet[[#This Row],[Base_sta]], tblHelmet[[#This Row],[Base_sta]])) -> 2 | V6: =IF(tblHelmet[[#This Row],[Name]]="","", tblHelmet[[#This Row],[phy]]*Sheet1!$E$2 + tblHelmet[[#This Row],[mag]]*Sheet1!$F$2 + tblHelmet[[#This Row],[sta]]*Sheet1!$G$2) -> 6 | W6: =IF(tblHelmet[[#This Row],[Name]]="","", _xlfn.RANK.EQ(tblHelmet[[#This Row],[Score]], tblHelmet[Score], 0)) -> 17
A7: ！无法获得 | B7: CRONE CUCURBITA MASK | C7: 某个节日 | D7: 3 | E7: 3 | F7: 1 | G7: 2 | H7: 2 | J7: 2 | K7: 2 | O7: 1 | Q7: 12 | S7: =IF(tblHelmet[[#This Row],[Name]]="","", IF( AND( Sheet1!$A$2 >= tblHelmet[[#This Row],[min_cor]], Sheet1!$B$2 >= tblHelmet[[#This Row],[min_spi]], Sheet1!$C$2 >= tblHelmet[[#This Row],[min_gra]] ), _xlfn.FLOOR.MATH( value*tblHelmet[[#This Row],[phy_cor]]*Sheet1!$A$2 + value*tblHelmet[[#This Row],[phy_spi]]*Sheet1!$B$2 + value*tblHelmet[[#This Row],[phy_gra]]*Sheet1!$C$2 ) + tblHelmet[[#This Row],[Base_phy]], tblHelmet[[#This Row],[Base_phy]] )) -> 3 | T7: =IF(tblHelmet[[#This Row],[Name]]="","", IF(AND(Sheet1!$A$2>=tblHelmet[[#This Row],[min_cor]], Sheet1!$B$2>=tblHelmet[[#This Row],[min_spi]], Sheet1!$C$2>=tblHelmet[[#This Row],[min_gra]]), _xlfn.FLOOR.MATH(value*tblHelmet[[#This Row],[mag_cor]]*Sheet1!$A$2 + value*tblHelmet[[#This Row],[mag_spi]]*Sheet1!$B$2 + value*tblHelmet[[#This Row],[mag_gra]]*Sheet1!$C$2) + tblHelmet[[#This Row],[Base_mag]], tblHelmet[[#This Row],[Base_mag]])) -> 3 | U7: =IF(tblHelmet[[#This Row],[Name]]="","", IF(AND(Sheet1!$A$2>=tblHelmet[[#This Row],[min_cor]], Sheet1!$B$2>=tblHelmet[[#This Row],[min_spi]], Sheet1!$C$2>=tblHelmet[[#This Row],[min_gra]]), _xlfn.FLOOR.MATH(value*tblHelmet[[#This Row],[sta_cor]]*Sheet1!$A$2 + value*tblHelmet[[#This Row],[sta_spi]]*Sheet1!$B$2 + value*tblHelmet[[#This Row],[sta_gra]]*Sheet1!$C$2) + tblHelmet[[#This Row],[Base_sta]], tblHelmet[[#This Row],[Base_sta]])) -> 1 | V7: =IF(tblHelmet[[#This Row],[Name]]="","", tblHelmet[[#This Row],[phy]]*Sheet1!$E$2 + tblHelmet[[#This Row],[mag]]*Sheet1!$F$2 + tblHelmet[[#This Row],[sta]]*Sheet1!$G$2) -> 7 | W7: =IF(tblHelmet[[#This Row],[Name]]="","", _xlfn.RANK.EQ(tblHelmet[[#This Row],[Score]], tblHelmet[Score], 0)) -> 9
A8: 忘焰面罩 | B8: FORGETFIRE VISARD | C8: 集团 | D8: 3 | E8: 0 | F8: 3 | G8: 2 | M8: 2 | P8: 12 | S8: =IF(tblHelmet[[#This Row],[Name]]="","", IF( AND( Sheet1!$A$2 >= tblHelmet[[#This Row],[min_cor]], Sheet1!$B$2 >= tblHelmet[[#This Row],[min_spi]], Sheet1!$C$2 >= tblHelmet[[#This Row],[min_gra]] ), _xlfn.FLOOR.MATH( value*tblHelmet[[#This Row],[phy_cor]]*Sheet1!$A$2 + value*tblHelmet[[#This Row],[phy_spi]]*Sheet1!$B$2 + value*tblHelmet[[#This Row],[phy_gra]]*Sheet1!$C$2 ) + tblHelmet[[#This Row],[Base_phy]], tblHelmet[[#This Row],[Base_phy]] )) -> 3 | T8: =IF(tblHelmet[[#This Row],[Name]]="","", IF(AND(Sheet1!$A$2>=tblHelmet[[#This Row],[min_cor]], Sheet1!$B$2>=tblHelmet[[#This Row],[min_spi]], Sheet1!$C$2>=tblHelmet[[#This Row],[min_gra]]), _xlfn.FLOOR.MATH(value*tblHelmet[[#This Row],[mag_cor]]*Sheet1!$A$2 + value*tblHelmet[[#This Row],[mag_spi]]*Sheet1!$B$2 + value*tblHelmet[[#This Row],[mag_gra]]*Sheet1!$C$2) + tblHelmet[[#This Row],[Base_mag]], tblHelmet[[#This Row],[Base_mag]])) -> 0 | U8: =IF(tblHelmet[[#This Row],[Name]]="","", IF(AND(Sheet1!$A$2>=tblHelmet[[#This Row],[min_cor]], Sheet1!$B$2>=tblHelmet[[#This Row],[min_spi]], Sheet1!$C$2>=tblHelmet[[#This Row],[min_gra]]), _xlfn.FLOOR.MATH(value*tblHelmet[[#This Row],[sta_cor]]*Sheet1!$A$2 + value*tblHelmet[[#This Row],[sta_spi]]*Sheet1!$B$2 + value*tblHelmet[[#This Row],[sta_gra]]*Sheet1!$C$2) + tblHelmet[[#This Row],[Base_sta]], tblHelmet[[#This Row],[Base_sta]])) -> 3 | V8: =IF(tblHelmet[[#This Row],[Name]]="","", tblHelmet[[#This Row],[phy]]*Sheet1!$E$2 + tblHelmet[[#This Row],[mag]]*Sheet1!$F$2 + tblHelmet[[#This Row],[sta]]*Sheet1!$G$2) -> 6 | W8: =IF(tblHelmet[[#This Row],[Name]]="","", _xlfn.RANK.EQ(tblHelmet[[#This Row],[Score]], tblHelmet[Score], 0)) -> 17
A9: 加伦之恩典头冠 | B9: GARREN'S CROWN OF GRACE | C9: 鹿 | D9: 2 | E9: 2 | F9: 3 | H9: 1 | I9: 2 | K9: 2 | L9: 1 | N9: 1 | O9: 2 | R9: 15 | S9: =IF(tblHelmet[[#This Row],[Name]]="","", IF( AND( Sheet1!$A$2 >= tblHelmet[[#This Row],[min_cor]], Sheet1!$B$2 >= tblHelmet[[#This Row],[min_spi]], Sheet1!$C$2 >= tblHelmet[[#This Row],[min_gra]] ), _xlfn.FLOOR.MATH( value*tblHelmet[[#This Row],[phy_cor]]*Sheet1!$A$2 + value*tblHelmet[[#This Row],[phy_spi]]*Sheet1!$B$2 + value*tblHelmet[[#This Row],[phy_gra]]*Sheet1!$C$2 ) + tblHelmet[[#This Row],[Base_phy]], tblHelmet[[#This Row],[Base_phy]] )) -> 11 | T9: =IF(tblHelmet[[#This Row],[Name]]="","", IF(AND(Sheet1!$A$2>=tblHelmet[[#This Row],[min_cor]], Sheet1!$B$2>=tblHelmet[[#This Row],[min_spi]], Sheet1!$C$2>=tblHelmet[[#This Row],[min_gra]]), _xlfn.FLOOR.MATH(value*tblHelmet[[#This Row],[mag_cor]]*Sheet1!$A$2 + value*tblHelmet[[#This Row],[mag_spi]]*Sheet1!$B$2 + value*tblHelmet[[#This Row],[mag_gra]]*Sheet1!$C$2) + tblHelmet[[#This Row],[Base_mag]], tblHelmet[[#This Row],[Base_mag]])) -> 8 | U9: =IF(tblHelmet[[#This Row],[Name]]="","", IF(AND(Sheet1!$A$2>=tblHelmet[[#This Row],[min_cor]], Sheet1!$B$2>=tblHelmet[[#This Row],[min_spi]], Sheet1!$C$2>=tblHelmet[[#This Row],[min_gra]]), _xlfn.FLOOR.MATH(value*tblHelmet[[#This Row],[sta_cor]]*Sheet1!$A$2 + value*tblHelmet[[#This Row],[sta_spi]]*Sheet1!$B$2 + value*tblHelmet[[#This Row],[sta_gra]]*Sheet1!$C$2) + tblHelmet[[#This Row],[Base_sta]], tblHelmet[[#This Row],[Base_sta]])) -> 12 | V9: =IF(tblHelmet[[#This Row],[Name]]="","", tblHelmet[[#This Row],[phy]]*Sheet1!$E$2 + tblHelmet[[#This Row],[mag]]*Sheet1!$F$2 + tblHelmet[[#This Row],[sta]]*Sheet1!$G$2) -> 31 | W9: =IF(tblHelmet[[#This Row],[Name]]="","", _xlfn.RANK.EQ(tblHelmet[[#This Row],[Score]], tblHelmet[Score], 0)) -> 3
A10: 烈火之王头盔 | B10: GREAT HELM OF THE FIRE KING | C10: 集团 | D10: 3 | E10: 2 | F10: 2 | G10: 2 | I10: 2 | J10: 1 | M10: 1 | O10: 2 | P10: 15 | S10: =IF(tblHelmet[[#This Row],[Name]]="","", IF( AND( Sheet1!$A$2 >= tblHelmet[[#This Row],[min_cor]], Sheet1!$B$2 >= tblHelmet[[#This Row],[min_spi]], Sheet1!$C$2 >= tblHelmet[[#This Row],[min_gra]] ), _xlfn.FLOOR.MATH( value*tblHelmet[[#This Row],[phy_cor]]*Sheet1!$A$2 + value*tblHelmet[[#This Row],[phy_spi]]*Sheet1!$B$2 + value*tblHelmet[[#This Row],[phy_gra]]*Sheet1!$C$2 ) + tblHelmet[[#This Row],[Base_phy]], tblHelmet[[#This Row],[Base_phy]] )) -> 3 | T10: =IF(tblHelmet[[#This Row],[Name]]="","", IF(AND(Sheet1!$A$2>=tblHelmet[[#This Row],[min_cor]], Sheet1!$B$2>=tblHelmet[[#This Row],[min_spi]], Sheet1!$C$2>=tblHelmet[[#This Row],[min_gra]]), _xlfn.FLOOR.MATH(value*tblHelmet[[#This Row],[mag_cor]]*Sheet1!$A$2 + value*tblHelmet[[#This Row],[mag_spi]]*Sheet1!$B$2 + value*tblHelmet[[#This Row],[mag_gra]]*Sheet1!$C$2) + tblHelmet[[#This Row],[Base_mag]], tblHelmet[[#This Row],[Base_mag]])) -> 2 | U10: =IF(tblHelmet[[#This Row],[Name]]="","", IF(AND(Sheet1!$A$2>=tblHelmet[[#This Row],[min_cor]], Sheet1!$B$2>=tblHelmet[[#This Row],[min_spi]], Sheet1!$C$2>=tblHelmet[[#This Row],[min_gra]]), _xlfn.FLOOR.MATH(value*tblHelmet[[#This Row],[sta_cor]]*Sheet1!$A$2 + value*tblHelmet[[#This Row],[sta_spi]]*Sheet1!$B$2 + value*tblHelmet[[#This Row],[sta_gra]]*Sheet1!$C$2) + tblHelmet[[#This Row],[Base_sta]], tblHelmet[[#This Row],[Base_sta]])) -> 2 | V10: =IF(tblHelmet[[#This Row],[Name]]="","", tblHelmet[[#This Row],[phy]]*Sheet1!$E$2 + tblHelmet[[#This Row],[mag]]*Sheet1!$F$2 + tblHelmet[[#This Row],[sta]]*Sheet1!$G$2) -> 7 | W10: =IF(tblHelmet[[#This Row],[Name]]="","", _xlfn.RANK.EQ(tblHelmet[[#This Row],[Score]], tblHelmet[Score], 0)) -> 9
A11: 无头盔 | B11: HELMLESS | C11: 初始 | D11: 0 | E11: 0 | F11: 0 | S11: =IF(tblHelmet[[#This Row],[Name]]="","", IF( AND( Sheet1!$A$2 >= tblHelmet[[#This Row],[min_cor]], Sheet1!$B$2 >= tblHelmet[[#This Row],[min_spi]], Sheet1!$C$2 >= tblHelmet[[#This Row],[min_gra]] ), _xlfn.FLOOR.MATH( value*tblHelmet[[#This Row],[phy_cor]]*Sheet1!$A$2 + value*tblHelmet[[#This Row],[phy_spi]]*Sheet1!$B$2 + value*tblHelmet[[#This Row],[phy_gra]]*Sheet1!$C$2 ) + tblHelmet[[#This Row],[Base_phy]], tblHelmet[[#This Row],[Base_phy]] )) -> 0 | T11: =IF(tblHelmet[[#This Row],[Name]]="","", IF(AND(Sheet1!$A$2>=tblHelmet[[#This Row],[min_cor]], Sheet1!$B$2>=tblHelmet[[#This Row],[min_spi]], Sheet1!$C$2>=tblHelmet[[#This Row],[min_gra]]), _xlfn.FLOOR.MATH(value*tblHelmet[[#This Row],[mag_cor]]*Sheet1!$A$2 + value*tblHelmet[[#This Row],[mag_spi]]*Sheet1!$B$2 + value*tblHelmet[[#This Row],[mag_gra]]*Sheet1!$C$2) + tblHelmet[[#This Row],[Base_mag]], tblHelmet[[#This Row],[Base_mag]])) -> 0 | U11: =IF(tblHelmet[[#This Row],[Name]]="","", IF(AND(Sheet1!$A$2>=tblHelmet[[#This Row],[min_cor]], Sheet1!$B$2>=tblHelmet[[#This Row],[min_spi]], Sheet1!$C$2>=tblHelmet[[#This Row],[min_gra]]), _xlfn.FLOOR.MATH(value*tblHelmet[[#This Row],[sta_cor]]*Sheet1!$A$2 + value*tblHelmet[[#This Row],[sta_spi]]*Sheet1!$B$2 + value*tblHelmet[[#This Row],[sta_gra]]*Sheet1!$C$2) + tblHelmet[[#This Row],[Base_sta]], tblHelmet[[#This Row],[Base_sta]])) -> 0 | V11: =IF(tblHelmet[[#This Row],[Name]]="","", tblHelmet[[#This Row],[phy]]*Sheet1!$E$2 + tblHelmet[[#This Row],[mag]]*Sheet1!$F$2 + tblHelmet[[#This Row],[sta]]*Sheet1!$G$2) -> 0 | W11: =IF(tblHelmet[[#This Row],[Name]]="","", _xlfn.RANK.EQ(tblHelmet[[#This Row],[Score]], tblHelmet[Score], 0)) -> 25
A12: ！Lil'Zook面具 | B12: LIL' ZOOK MASK | C12: 某个节日 | D12: 4 | E12: 1 | F12: 2 | G12: 2 | H12: 2 | J12: 1 | K12: 2 | M12: 2 | P12: 12 | S12: =IF(tblHelmet[[#This Row],[Name]]="","", IF( AND( Sheet1!$A$2 >= tblHelmet[[#This Row],[min_cor]], Sheet1!$B$2 >= tblHelmet[[#This Row],[min_spi]], Sheet1!$C$2 >= tblHelmet[[#This Row],[min_gra]] ), _xlfn.FLOOR.MATH( value*tblHelmet[[#This Row],[phy_cor]]*Sheet1!$A$2 + value*tblHelmet[[#This Row],[phy_spi]]*Sheet1!$B$2 + value*tblHelmet[[#This Row],[phy_gra]]*Sheet1!$C$2 ) + tblHelmet[[#This Row],[Base_phy]], tblHelmet[[#This Row],[Base_phy]] )) -> 4 | T12: =IF(tblHelmet[[#This Row],[Name]]="","", IF(AND(Sheet1!$A$2>=tblHelmet[[#This Row],[min_cor]], Sheet1!$B$2>=tblHelmet[[#This Row],[min_spi]], Sheet1!$C$2>=tblHelmet[[#This Row],[min_gra]]), _xlfn.FLOOR.MATH(value*tblHelmet[[#This Row],[mag_cor]]*Sheet1!$A$2 + value*tblHelmet[[#This Row],[mag_spi]]*Sheet1!$B$2 + value*tblHelmet[[#This Row],[mag_gra]]*Sheet1!$C$2) + tblHelmet[[#This Row],[Base_mag]], tblHelmet[[#This Row],[Base_mag]])) -> 1 | U12: =IF(tblHelmet[[#This Row],[Name]]="","", IF(AND(Sheet1!$A$2>=tblHelmet[[#This Row],[min_cor]], Sheet1!$B$2>=tblHelmet[[#This Row],[min_spi]], Sheet1!$C$2>=tblHelmet[[#This Row],[min_gra]]), _xlfn.FLOOR.MATH(value*tblHelmet[[#This Row],[sta_cor]]*Sheet1!$A$2 + value*tblHelmet[[#This Row],[sta_spi]]*Sheet1!$B$2 + value*tblHelmet[[#This Row],[sta_gra]]*Sheet1!$C$2) + tblHelmet[[#This Row],[Base_sta]], tblHelmet[[#This Row],[Base_sta]])) -> 2 | V12: =IF(tblHelmet[[#This Row],[Name]]="","", tblHelmet[[#This Row],[phy]]*Sheet1!$E$2 + tblHelmet[[#This Row],[mag]]*Sheet1!$F$2 + tblHelmet[[#This Row],[sta]]*Sheet1!$G$2) -> 7 | W12: =IF(tblHelmet[[#This Row],[Name]]="","", _xlfn.RANK.EQ(tblHelmet[[#This Row],[Score]], tblHelmet[Score], 0)) -> 9
A13: 嘲魂盔帽 | B13: MOCKERY ILK | C13: 三重 | D13: 3 | E13: 3 | F13: 2 | H13: 2 | I13: 1 | K13: 2 | L13: 1 | N13: 1 | O13: 2 | R13: 20 | S13: =IF(tblHelmet[[#This Row],[Name]]="","", IF( AND( Sheet1!$A$2 >= tblHelmet[[#This Row],[min_cor]], Sheet1!$B$2 >= tblHelmet[[#This Row],[min_spi]], Sheet1!$C$2 >= tblHelmet[[#This Row],[min_gra]] ), _xlfn.FLOOR.MATH( value*tblHelmet[[#This Row],[phy_cor]]*Sheet1!$A$2 + value*tblHelmet[[#This Row],[phy_spi]]*Sheet1!$B$2 + value*tblHelmet[[#This Row],[phy_gra]]*Sheet1!$C$2 ) + tblHelmet[[#This Row],[Base_phy]], tblHelmet[[#This Row],[Base_phy]] )) -> 9 | T13: =IF(tblHelmet[[#This Row],[Name]]="","", IF(AND(Sheet1!$A$2>=tblHelmet[[#This Row],[min_cor]], Sheet1!$B$2>=tblHelmet[[#This Row],[min_spi]], Sheet1!$C$2>=tblHelmet[[#This Row],[min_gra]]), _xlfn.FLOOR.MATH(value*tblHelmet[[#This Row],[mag_cor]]*Sheet1!$A$2 + value*tblHelmet[[#This Row],[mag_spi]]*Sheet1!$B$2 + value*tblHelmet[[#This Row],[mag_gra]]*Sheet1!$C$2) + tblHelmet[[#This Row],[Base_mag]], tblHelmet[[#This Row],[Base_mag]])) -> 9 | U13: =IF(tblHelmet[[#This Row],[Name]]="","", IF(AND(Sheet1!$A$2>=tblHelmet[[#This Row],[min_cor]], Sheet1!$B$2>=tblHelmet[[#This Row],[min_spi]], Sheet1!$C$2>=tblHelmet[[#This Row],[min_gra]]), _xlfn.FLOOR.MATH(value*tblHelmet[[#This Row],[sta_cor]]*Sheet1!$A$2 + value*tblHelmet[[#This Row],[sta_spi]]*Sheet1!$B$2 + value*tblHelmet[[#This Row],[sta_gra]]*Sheet1!$C$2) + tblHelmet[[#This Row],[Base_sta]], tblHelmet[[#This Row],[Base_sta]])) -> 11 | V13: =IF(tblHelmet[[#This Row],[Name]]="","", tblHelmet[[#This Row],[phy]]*Sheet1!$E$2 + tblHelmet[[#This Row],[mag]]*Sheet1!$F$2 + tblHelmet[[#This Row],[sta]]*Sheet1!$G$2) -> 29 | W13: =IF(tblHelmet[[#This Row],[Name]]="","", _xlfn.RANK.EQ(tblHelmet[[#This Row],[Score]], tblHelmet[Score], 0)) -> 4
A14: 奥瑟达王冠 | B14: OSCELDA'S DIADEM | C14: 绿手初始 | D14: 1 | E14: 3 | F14: 0 | K14: 1 | S14: =IF(tblHelmet[[#This Row],[Name]]="","", IF( AND( Sheet1!$A$2 >= tblHelmet[[#This Row],[min_cor]], Sheet1!$B$2 >= tblHelmet[[#This Row],[min_spi]], Sheet1!$C$2 >= tblHelmet[[#This Row],[min_gra]] ), _xlfn.FLOOR.MATH( value*tblHelmet[[#This Row],[phy_cor]]*Sheet1!$A$2 + value*tblHelmet[[#This Row],[phy_spi]]*Sheet1!$B$2 + value*tblHelmet[[#This Row],[phy_gra]]*Sheet1!$C$2 ) + tblHelmet[[#This Row],[Base_phy]], tblHelmet[[#This Row],[Base_phy]] )) -> 1 | T14: =IF(tblHelmet[[#This Row],[Name]]="","", IF(AND(Sheet1!$A$2>=tblHelmet[[#This Row],[min_cor]], Sheet1!$B$2>=tblHelmet[[#This Row],[min_spi]], Sheet1!$C$2>=tblHelmet[[#This Row],[min_gra]]), _xlfn.FLOOR.MATH(value*tblHelmet[[#This Row],[mag_cor]]*Sheet1!$A$2 + value*tblHelmet[[#This Row],[mag_spi]]*Sheet1!$B$2 + value*tblHelmet[[#This Row],[mag_gra]]*Sheet1!$C$2) + tblHelmet[[#This Row],[Base_mag]], tblHelmet[[#This Row],[Base_mag]])) -> 3 | U14: =IF(tblHelmet[[#This Row],[Name]]="","", IF(AND(Sheet1!$A$2>=tblHelmet[[#This Row],[min_cor]], Sheet1!$B$2>=tblHelmet[[#This Row],[min_spi]], Sheet1!$C$2>=tblHelmet[[#This Row],[min_gra]]), _xlfn.FLOOR.MATH(value*tblHelmet[[#This Row],[sta_cor]]*Sheet1!$A$2 + value*tblHelmet[[#This Row],[sta_spi]]*Sheet1!$B$2 + value*tblHelmet[[#This Row],[sta_gra]]*Sheet1!$C$2) + tblHelmet[[#This Row],[Base_sta]], tblHelmet[[#This Row],[Base_sta]])) -> 0 | V14: =IF(tblHelmet[[#This Row],[Name]]="","", tblHelmet[[#This Row],[phy]]*Sheet1!$E$2 + tblHelmet[[#This Row],[mag]]*Sheet1!$F$2 + tblHelmet[[#This Row],[sta]]*Sheet1!$G$2) -> 4 | W14: =IF(tblHelmet[[#This Row],[Name]]="","", _xlfn.RANK.EQ(tblHelmet[[#This Row],[Score]], tblHelmet[Score], 0)) -> 24
A15: ！Poppa Pepo面具 | B15: POPPA PEPO MASK | C15: 某个节日 | D15: 2 | E15: 2 | F15: 6 | I15: 1 | K15: 2 | L15: 2 | N15: 2 | O15: 2 | R15: 12 | S15: =IF(tblHelmet[[#This Row],[Name]]="","", IF( AND( Sheet1!$A$2 >= tblHelmet[[#This Row],[min_cor]], Sheet1!$B$2 >= tblHelmet[[#This Row],[min_spi]], Sheet1!$C$2 >= tblHelmet[[#This Row],[min_gra]] ), _xlfn.FLOOR.MATH( value*tblHelmet[[#This Row],[phy_cor]]*Sheet1!$A$2 + value*tblHelmet[[#This Row],[phy_spi]]*Sheet1!$B$2 + value*tblHelmet[[#This Row],[phy_gra]]*Sheet1!$C$2 ) + tblHelmet[[#This Row],[Base_phy]], tblHelmet[[#This Row],[Base_phy]] )) -> 6 | T15: =IF(tblHelmet[[#This Row],[Name]]="","", IF(AND(Sheet1!$A$2>=tblHelmet[[#This Row],[min_cor]], Sheet1!$B$2>=tblHelmet[[#This Row],[min_spi]], Sheet1!$C$2>=tblHelmet[[#This Row],[min_gra]]), _xlfn.FLOOR.MATH(value*tblHelmet[[#This Row],[mag_cor]]*Sheet1!$A$2 + value*tblHelmet[[#This Row],[mag_spi]]*Sheet1!$B$2 + value*tblHelmet[[#This Row],[mag_gra]]*Sheet1!$C$2) + tblHelmet[[#This Row],[Base_mag]], tblHelmet[[#This Row],[Base_mag]])) -> 12 | U15: =IF(tblHelmet[[#This Row],[Name]]="","", IF(AND(Sheet1!$A$2>=tblHelmet[[#This Row],[min_cor]], Sheet1!$B$2>=tblHelmet[[#This Row],[min_spi]], Sheet1!$C$2>=tblHelmet[[#This Row],[min_gra]]), _xlfn.FLOOR.MATH(value*tblHelmet[[#This Row],[sta_cor]]*Sheet1!$A$2 + value*tblHelmet[[#This Row],[sta_spi]]*Sheet1!$B$2 + value*tblHelmet[[#This Row],[sta_gra]]*Sheet1!$C$2) + tblHelmet[[#This Row],[Base_sta]], tblHelmet[[#This Row],[Base_sta]])) -> 16 | V15: =IF(tblHelmet[[#This Row],[Name]]="","", tblHelmet[[#This Row],[phy]]*Sheet1!$E$2 + tblHelmet[[#This Row],[mag]]*Sheet1!$F$2 + tblHelmet[[#This Row],[sta]]*Sheet1!$G$2) -> 34 | W15: =IF(tblHelmet[[#This Row],[Name]]="","", _xlfn.RANK.EQ(tblHelmet[[#This Row],[Score]], tblHelmet[Score], 0)) -> 2
A16: 摄政头巾 | B16: REGENT'S VEIL | C16: 集团 | D16: 3 | E16: 1 | F16: 1 | G16: 2 | H16: 2 | J16: 1 | K16: 2 | M16: 2 | P16: 15 | S16: =IF(tblHelmet[[#This Row],[Name]]="","", IF( AND( Sheet1!$A$2 >= tblHelmet[[#This Row],[min_cor]], Sheet1!$B$2 >= tblHelmet[[#This Row],[min_spi]], Sheet1!$C$2 >= tblHelmet[[#This Row],[min_gra]] ), _xlfn.FLOOR.MATH( value*tblHelmet[[#This Row],[phy_cor]]*Sheet1!$A$2 + value*tblHelmet[[#This Row],[phy_spi]]*Sheet1!$B$2 + value*tblHelmet[[#This Row],[phy_gra]]*Sheet1!$C$2 ) + tblHelmet[[#This Row],[Base_phy]], tblHelmet[[#This Row],[Base_phy]] )) -> 3 | T16: =IF(tblHelmet[[#This Row],[Name]]="","", IF(AND(Sheet1!$A$2>=tblHelmet[[#This Row],[min_cor]], Sheet1!$B$2>=tblHelmet[[#This Row],[min_spi]], Sheet1!$C$2>=tblHelmet[[#This Row],[min_gra]]), _xlfn.FLOOR.MATH(value*tblHelmet[[#This Row],[mag_cor]]*Sheet1!$A$2 + value*tblHelmet[[#This Row],[mag_spi]]*Sheet1!$B$2 + value*tblHelmet[[#This Row],[mag_gra]]*Sheet1!$C$2) + tblHelmet[[#This Row],[Base_mag]], tblHelmet[[#This Row],[Base_mag]])) -> 1 | U16: =IF(tblHelmet[[#This Row],[Name]]="","", IF(AND(Sheet1!$A$2>=tblHelmet[[#This Row],[min_cor]], Sheet1!$B$2>=tblHelmet[[#This Row],[min_spi]], Sheet1!$C$2>=tblHelmet[[#This Row],[min_gra]]), _xlfn.FLOOR.MATH(value*tblHelmet[[#This Row],[sta_cor]]*Sheet1!$A$2 + value*tblHelmet[[#This Row],[sta_spi]]*Sheet1!$B$2 + value*tblHelmet[[#This Row],[sta_gra]]*Sheet1!$C$2) + tblHelmet[[#This Row],[Base_sta]], tblHelmet[[#This Row],[Base_sta]])) -> 1 | V16: =IF(tblHelmet[[#This Row],[Name]]="","", tblHelmet[[#This Row],[phy]]*Sheet1!$E$2 + tblHelmet[[#This Row],[mag]]*Sheet1!$F$2 + tblHelmet[[#This Row],[sta]]*Sheet1!$G$2) -> 5 | W16: =IF(tblHelmet[[#This Row],[Name]]="","", _xlfn.RANK.EQ(tblHelmet[[#This Row],[Score]], tblHelmet[Score], 0)) -> 20
A17: 西林兜帽 | B17: SIRIN'S SHROUD | C17: 蓝手初始 | D17: 2 | E17: 0 | F17: 3 | O17: 1 | S17: =IF(tblHelmet[[#This Row],[Name]]="","", IF( AND( Sheet1!$A$2 >= tblHelmet[[#This Row],[min_cor]], Sheet1!$B$2 >= tblHelmet[[#This Row],[min_spi]], Sheet1!$C$2 >= tblHelmet[[#This Row],[min_gra]] ), _xlfn.FLOOR.MATH( value*tblHelmet[[#This Row],[phy_cor]]*Sheet1!$A$2 + value*tblHelmet[[#This Row],[phy_spi]]*Sheet1!$B$2 + value*tblHelmet[[#This Row],[phy_gra]]*Sheet1!$C$2 ) + tblHelmet[[#This Row],[Base_phy]], tblHelmet[[#This Row],[Base_phy]] )) -> 2 | T17: =IF(tblHelmet[[#This Row],[Name]]="","", IF(AND(Sheet1!$A$2>=tblHelmet[[#This Row],[min_cor]], Sheet1!$B$2>=tblHelmet[[#This Row],[min_spi]], Sheet1!$C$2>=tblHelmet[[#This Row],[min_gra]]), _xlfn.FLOOR.MATH(value*tblHelmet[[#This Row],[mag_cor]]*Sheet1!$A$2 + value*tblHelmet[[#This Row],[mag_spi]]*Sheet1!$B$2 + value*tblHelmet[[#This Row],[mag_gra]]*Sheet1!$C$2) + tblHelmet[[#This Row],[Base_mag]], tblHelmet[[#This Row],[Base_mag]])) -> 0 | U17: =IF(tblHelmet[[#This Row],[Name]]="","", IF(AND(Sheet1!$A$2>=tblHelmet[[#This Row],[min_cor]], Sheet1!$B$2>=tblHelmet[[#This Row],[min_spi]], Sheet1!$C$2>=tblHelmet[[#This Row],[min_gra]]), _xlfn.FLOOR.MATH(value*tblHelmet[[#This Row],[sta_cor]]*Sheet1!$A$2 + value*tblHelmet[[#This Row],[sta_spi]]*Sheet1!$B$2 + value*tblHelmet[[#This Row],[sta_gra]]*Sheet1!$C$2) + tblHelmet[[#This Row],[Base_sta]], tblHelmet[[#This Row],[Base_sta]])) -> 7 | V17: =IF(tblHelmet[[#This Row],[Name]]="","", tblHelmet[[#This Row],[phy]]*Sheet1!$E$2 + tblHelmet[[#This Row],[mag]]*Sheet1!$F$2 + tblHelmet[[#This Row],[sta]]*Sheet1!$G$2) -> 9 | W17: =IF(tblHelmet[[#This Row],[Name]]="","", _xlfn.RANK.EQ(tblHelmet[[#This Row],[Score]], tblHelmet[Score], 0)) -> 8
A18: 钢咏师头环 | B18: STEELSINGER'S CIRCLET | C18: 双轨炮 | D18: 2 | E18: 2 | F18: 1 | H18: 2 | K18: 2 | N18: 2 | Q18: 14 | S18: =IF(tblHelmet[[#This Row],[Name]]="","", IF( AND( Sheet1!$A$2 >= tblHelmet[[#This Row],[min_cor]], Sheet1!$B$2 >= tblHelmet[[#This Row],[min_spi]], Sheet1!$C$2 >= tblHelmet[[#This Row],[min_gra]] ), _xlfn.FLOOR.MATH( value*tblHelmet[[#This Row],[phy_cor]]*Sheet1!$A$2 + value*tblHelmet[[#This Row],[phy_spi]]*Sheet1!$B$2 + value*tblHelmet[[#This Row],[phy_gra]]*Sheet1!$C$2 ) + tblHelmet[[#This Row],[Base_phy]], tblHelmet[[#This Row],[Base_phy]] )) -> 2 | T18: =IF(tblHelmet[[#This Row],[Name]]="","", IF(AND(Sheet1!$A$2>=tblHelmet[[#This Row],[min_cor]], Sheet1!$B$2>=tblHelmet[[#This Row],[min_spi]], Sheet1!$C$2>=tblHelmet[[#This Row],[min_gra]]), _xlfn.FLOOR.MATH(value*tblHelmet[[#This Row],[mag_cor]]*Sheet1!$A$2 + value*tblHelmet[[#This Row],[mag_spi]]*Sheet1!$B$2 + value*tblHelmet[[#This Row],[mag_gra]]*Sheet1!$C$2) + tblHelmet[[#This Row],[Base_mag]], tblHelmet[[#This Row],[Base_mag]])) -> 2 | U18: =IF(tblHelmet[[#This Row],[Name]]="","", IF(AND(Sheet1!$A$2>=tblHelmet[[#This Row],[min_cor]], Sheet1!$B$2>=tblHelmet[[#This Row],[min_spi]], Sheet1!$C$2>=tblHelmet[[#This Row],[min_gra]]), _xlfn.FLOOR.MATH(value*tblHelmet[[#This Row],[sta_cor]]*Sheet1!$A$2 + value*tblHelmet[[#This Row],[sta_spi]]*Sheet1!$B$2 + value*tblHelmet[[#This Row],[sta_gra]]*Sheet1!$C$2) + tblHelmet[[#This Row],[Base_sta]], tblHelmet[[#This Row],[Base_sta]])) -> 1 | V18: =IF(tblHelmet[[#This Row],[Name]]="","", tblHelmet[[#This Row],[phy]]*Sheet1!$E$2 + tblHelmet[[#This Row],[mag]]*Sheet1!$F$2 + tblHelmet[[#This Row],[sta]]*Sheet1!$G$2) -> 5 | W18: =IF(tblHelmet[[#This Row],[Name]]="","", _xlfn.RANK.EQ(tblHelmet[[#This Row],[Score]], tblHelmet[Score], 0)) -> 20
A19: 暴风面罩 | B19: TEMPEST VISARD | C19: 集团 | D19: 3 | E19: 0 | F19: 3 | I19: 2 | O19: 2 | R19: 10 | S19: =IF(tblHelmet[[#This Row],[Name]]="","", IF( AND( Sheet1!$A$2 >= tblHelmet[[#This Row],[min_cor]], Sheet1!$B$2 >= tblHelmet[[#This Row],[min_spi]], Sheet1!$C$2 >= tblHelmet[[#This Row],[min_gra]] ), _xlfn.FLOOR.MATH( value*tblHelmet[[#This Row],[phy_cor]]*Sheet1!$A$2 + value*tblHelmet[[#This Row],[phy_spi]]*Sheet1!$B$2 + value*tblHelmet[[#This Row],[phy_gra]]*Sheet1!$C$2 ) + tblHelmet[[#This Row],[Base_phy]], tblHelmet[[#This Row],[Base_phy]] )) -> 12 | T19: =IF(tblHelmet[[#This Row],[Name]]="","", IF(AND(Sheet1!$A$2>=tblHelmet[[#This Row],[min_cor]], Sheet1!$B$2>=tblHelmet[[#This Row],[min_spi]], Sheet1!$C$2>=tblHelmet[[#This Row],[min_gra]]), _xlfn.FLOOR.MATH(value*tblHelmet[[#This Row],[mag_cor]]*Sheet1!$A$2 + value*tblHelmet[[#This Row],[mag_spi]]*Sheet1!$B$2 + value*tblHelmet[[#This Row],[mag_gra]]*Sheet1!$C$2) + tblHelmet[[#This Row],[Base_mag]], tblHelmet[[#This Row],[Base_mag]])) -> 0 | U19: =IF(tblHelmet[[#This Row],[Name]]="","", IF(AND(Sheet1!$A$2>=tblHelmet[[#This Row],[min_cor]], Sheet1!$B$2>=tblHelmet[[#This Row],[min_spi]], Sheet1!$C$2>=tblHelmet[[#This Row],[min_gra]]), _xlfn.FLOOR.MATH(value*tblHelmet[[#This Row],[sta_cor]]*Sheet1!$A$2 + value*tblHelmet[[#This Row],[sta_spi]]*Sheet1!$B$2 + value*tblHelmet[[#This Row],[sta_gra]]*Sheet1!$C$2) + tblHelmet[[#This Row],[Base_sta]], tblHelmet[[#This Row],[Base_sta]])) -> 12 | V19: =IF(tblHelmet[[#This Row],[Name]]="","", tblHelmet[[#This Row],[phy]]*Sheet1!$E$2 + tblHelmet[[#This Row],[mag]]*Sheet1!$F$2 + tblHelmet[[#This Row],[sta]]*Sheet1!$G$2) -> 24 | W19: =IF(tblHelmet[[#This Row],[Name]]="","", _xlfn.RANK.EQ(tblHelmet[[#This Row],[Score]], tblHelmet[Score], 0)) -> 6
A20: 特斯伦帽 | B20: TETHREN'S CAP | C20: 红手初始 | D20: 3 | E20: 0 | F20: 2 | G20: 1 | S20: =IF(tblHelmet[[#This Row],[Name]]="","", IF( AND( Sheet1!$A$2 >= tblHelmet[[#This Row],[min_cor]], Sheet1!$B$2 >= tblHelmet[[#This Row],[min_spi]], Sheet1!$C$2 >= tblHelmet[[#This Row],[min_gra]] ), _xlfn.FLOOR.MATH( value*tblHelmet[[#This Row],[phy_cor]]*Sheet1!$A$2 + value*tblHelmet[[#This Row],[phy_spi]]*Sheet1!$B$2 + value*tblHelmet[[#This Row],[phy_gra]]*Sheet1!$C$2 ) + tblHelmet[[#This Row],[Base_phy]], tblHelmet[[#This Row],[Base_phy]] )) -> 3 | T20: =IF(tblHelmet[[#This Row],[Name]]="","", IF(AND(Sheet1!$A$2>=tblHelmet[[#This Row],[min_cor]], Sheet1!$B$2>=tblHelmet[[#This Row],[min_spi]], Sheet1!$C$2>=tblHelmet[[#This Row],[min_gra]]), _xlfn.FLOOR.MATH(value*tblHelmet[[#This Row],[mag_cor]]*Sheet1!$A$2 + value*tblHelmet[[#This Row],[mag_spi]]*Sheet1!$B$2 + value*tblHelmet[[#This Row],[mag_gra]]*Sheet1!$C$2) + tblHelmet[[#This Row],[Base_mag]], tblHelmet[[#This Row],[Base_mag]])) -> 0 | U20: =IF(tblHelmet[[#This Row],[Name]]="","", IF(AND(Sheet1!$A$2>=tblHelmet[[#This Row],[min_cor]], Sheet1!$B$2>=tblHelmet[[#This Row],[min_spi]], Sheet1!$C$2>=tblHelmet[[#This Row],[min_gra]]), _xlfn.FLOOR.MATH(value*tblHelmet[[#This Row],[sta_cor]]*Sheet1!$A$2 + value*tblHelmet[[#This Row],[sta_spi]]*Sheet1!$B$2 + value*tblHelmet[[#This Row],[sta_gra]]*Sheet1!$C$2) + tblHelmet[[#This Row],[Base_sta]], tblHelmet[[#This Row],[Base_sta]])) -> 2 | V20: =IF(tblHelmet[[#This Row],[Name]]="","", tblHelmet[[#This Row],[phy]]*Sheet1!$E$2 + tblHelmet[[#This Row],[mag]]*Sheet1!$F$2 + tblHelmet[[#This Row],[sta]]*Sheet1!$G$2) -> 5 | W20: =IF(tblHelmet[[#This Row],[Name]]="","", _xlfn.RANK.EQ(tblHelmet[[#This Row],[Score]], tblHelmet[Score], 0)) -> 20
A21: 雪融黯面 | B21: THAWTIDE GRIMGUISE | C21: 雪融节 | D21: 4 | E21: 2 | F21: 1 | G21: 2 | J21: 2 | M21: 2 | P21: 16 | S21: =IF(tblHelmet[[#This Row],[Name]]="","", IF( AND( Sheet1!$A$2 >= tblHelmet[[#This Row],[min_cor]], Sheet1!$B$2 >= tblHelmet[[#This Row],[min_spi]], Sheet1!$C$2 >= tblHelmet[[#This Row],[min_gra]] ), _xlfn.FLOOR.MATH( value*tblHelmet[[#This Row],[phy_cor]]*Sheet1!$A$2 + value*tblHelmet[[#This Row],[phy_spi]]*Sheet1!$B$2 + value*tblHelmet[[#This Row],[phy_gra]]*Sheet1!$C$2 ) + tblHelmet[[#This Row],[Base_phy]], tblHelmet[[#This Row],[Base_phy]] )) -> 4 | T21: =IF(tblHelmet[[#This Row],[Name]]="","", IF(AND(Sheet1!$A$2>=tblHelmet[[#This Row],[min_cor]], Sheet1!$B$2>=tblHelmet[[#This Row],[min_spi]], Sheet1!$C$2>=tblHelmet[[#This Row],[min_gra]]), _xlfn.FLOOR.MATH(value*tblHelmet[[#This Row],[mag_cor]]*Sheet1!$A$2 + value*tblHelmet[[#This Row],[mag_spi]]*Sheet1!$B$2 + value*tblHelmet[[#This Row],[mag_gra]]*Sheet1!$C$2) + tblHelmet[[#This Row],[Base_mag]], tblHelmet[[#This Row],[Base_mag]])) -> 2 | U21: =IF(tblHelmet[[#This Row],[Name]]="","", IF(AND(Sheet1!$A$2>=tblHelmet[[#This Row],[min_cor]], Sheet1!$B$2>=tblHelmet[[#This Row],[min_spi]], Sheet1!$C$2>=tblHelmet[[#This Row],[min_gra]]), _xlfn.FLOOR.MATH(value*tblHelmet[[#This Row],[sta_cor]]*Sheet1!$A$2 + value*tblHelmet[[#This Row],[sta_spi]]*Sheet1!$B$2 + value*tblHelmet[[#This Row],[sta_gra]]*Sheet1!$C$2) + tblHelmet[[#This Row],[Base_sta]], tblHelmet[[#This Row],[Base_sta]])) -> 1 | V21: =IF(tblHelmet[[#This Row],[Name]]="","", tblHelmet[[#This Row],[phy]]*Sheet1!$E$2 + tblHelmet[[#This Row],[mag]]*Sheet1!$F$2 + tblHelmet[[#This Row],[sta]]*Sheet1!$G$2) -> 7 | W21: =IF(tblHelmet[[#This Row],[Name]]="","", _xlfn.RANK.EQ(tblHelmet[[#This Row],[Score]], tblHelmet[Score], 0)) -> 9
A22: 雪融蚀帽 | B22: THAWTIDE MELTCAP | C22: 雪融节 | D22: 3 | E22: 0 | F22: 2 | G22: 2 | I22: 2 | M22: 2 | O22: 2 | R22: 17 | S22: =IF(tblHelmet[[#This Row],[Name]]="","", IF( AND( Sheet1!$A$2 >= tblHelmet[[#This Row],[min_cor]], Sheet1!$B$2 >= tblHelmet[[#This Row],[min_spi]], Sheet1!$C$2 >= tblHelmet[[#This Row],[min_gra]] ), _xlfn.FLOOR.MATH( value*tblHelmet[[#This Row],[phy_cor]]*Sheet1!$A$2 + value*tblHelmet[[#This Row],[phy_spi]]*Sheet1!$B$2 + value*tblHelmet[[#This Row],[phy_gra]]*Sheet1!$C$2 ) + tblHelmet[[#This Row],[Base_phy]], tblHelmet[[#This Row],[Base_phy]] )) -> 14 | T22: =IF(tblHelmet[[#This Row],[Name]]="","", IF(AND(Sheet1!$A$2>=tblHelmet[[#This Row],[min_cor]], Sheet1!$B$2>=tblHelmet[[#This Row],[min_spi]], Sheet1!$C$2>=tblHelmet[[#This Row],[min_gra]]), _xlfn.FLOOR.MATH(value*tblHelmet[[#This Row],[mag_cor]]*Sheet1!$A$2 + value*tblHelmet[[#This Row],[mag_spi]]*Sheet1!$B$2 + value*tblHelmet[[#This Row],[mag_gra]]*Sheet1!$C$2) + tblHelmet[[#This Row],[Base_mag]], tblHelmet[[#This Row],[Base_mag]])) -> 0 | U22: =IF(tblHelmet[[#This Row],[Name]]="","", IF(AND(Sheet1!$A$2>=tblHelmet[[#This Row],[min_cor]], Sheet1!$B$2>=tblHelmet[[#This Row],[min_spi]], Sheet1!$C$2>=tblHelmet[[#This Row],[min_gra]]), _xlfn.FLOOR.MATH(value*tblHelmet[[#This Row],[sta_cor]]*Sheet1!$A$2 + value*tblHelmet[[#This Row],[sta_spi]]*Sheet1!$B$2 + value*tblHelmet[[#This Row],[sta_gra]]*Sheet1!$C$2) + tblHelmet[[#This Row],[Base_sta]], tblHelmet[[#This Row],[Base_sta]])) -> 13 | V22: =IF(tblHelmet[[#This Row],[Name]]="","", tblHelmet[[#This Row],[phy]]*Sheet1!$E$2 + tblHelmet[[#This Row],[mag]]*Sheet1!$F$2 + tblHelmet[[#This Row],[sta]]*Sheet1!$G$2) -> 27 | W22: =IF(tblHelmet[[#This Row],[Name]]="","", _xlfn.RANK.EQ(tblHelmet[[#This Row],[Score]], tblHelmet[Score], 0)) -> 5
A23: 巫术师的尖顶帽 | B23: WAZZARD'S BYCOKET | C23: 器管 | D23: 2 | E23: 3 | F23: 2 | H23: 2 | K23: 3 | N23: 1 | Q23: 22 | S23: =IF(tblHelmet[[#This Row],[Name]]="","", IF( AND( Sheet1!$A$2 >= tblHelmet[[#This Row],[min_cor]], Sheet1!$B$2 >= tblHelmet[[#This Row],[min_spi]], Sheet1!$C$2 >= tblHelmet[[#This Row],[min_gra]] ), _xlfn.FLOOR.MATH( value*tblHelmet[[#This Row],[phy_cor]]*Sheet1!$A$2 + value*tblHelmet[[#This Row],[phy_spi]]*Sheet1!$B$2 + value*tblHelmet[[#This Row],[phy_gra]]*Sheet1!$C$2 ) + tblHelmet[[#This Row],[Base_phy]], tblHelmet[[#This Row],[Base_phy]] )) -> 2 | T23: =IF(tblHelmet[[#This Row],[Name]]="","", IF(AND(Sheet1!$A$2>=tblHelmet[[#This Row],[min_cor]], Sheet1!$B$2>=tblHelmet[[#This Row],[min_spi]], Sheet1!$C$2>=tblHelmet[[#This Row],[min_gra]]), _xlfn.FLOOR.MATH(value*tblHelmet[[#This Row],[mag_cor]]*Sheet1!$A$2 + value*tblHelmet[[#This Row],[mag_spi]]*Sheet1!$B$2 + value*tblHelmet[[#This Row],[mag_gra]]*Sheet1!$C$2) + tblHelmet[[#This Row],[Base_mag]], tblHelmet[[#This Row],[Base_mag]])) -> 3 | U23: =IF(tblHelmet[[#This Row],[Name]]="","", IF(AND(Sheet1!$A$2>=tblHelmet[[#This Row],[min_cor]], Sheet1!$B$2>=tblHelmet[[#This Row],[min_spi]], Sheet1!$C$2>=tblHelmet[[#This Row],[min_gra]]), _xlfn.FLOOR.MATH(value*tblHelmet[[#This Row],[sta_cor]]*Sheet1!$A$2 + value*tblHelmet[[#This Row],[sta_spi]]*Sheet1!$B$2 + value*tblHelmet[[#This Row],[sta_gra]]*Sheet1!$C$2) + tblHelmet[[#This Row],[Base_sta]], tblHelmet[[#This Row],[Base_sta]])) -> 2 | V23: =IF(tblHelmet[[#This Row],[Name]]="","", tblHelmet[[#This Row],[phy]]*Sheet1!$E$2 + tblHelmet[[#This Row],[mag]]*Sheet1!$F$2 + tblHelmet[[#This Row],[sta]]*Sheet1!$G$2) -> 7 | W23: =IF(tblHelmet[[#This Row],[Name]]="","", _xlfn.RANK.EQ(tblHelmet[[#This Row],[Score]], tblHelmet[Score], 0)) -> 9
A24: 荒源奥瑟达赞歌头盔 | B24: WYLD OSCELDA'S EXHALT | C24: 绿手大包 | D24: 1 | E24: 3 | F24: 0 | H24: 2 | K24: 1 | S24: =IF(tblHelmet[[#This Row],[Name]]="","", IF( AND( Sheet1!$A$2 >= tblHelmet[[#This Row],[min_cor]], Sheet1!$B$2 >= tblHelmet[[#This Row],[min_spi]], Sheet1!$C$2 >= tblHelmet[[#This Row],[min_gra]] ), _xlfn.FLOOR.MATH( value*tblHelmet[[#This Row],[phy_cor]]*Sheet1!$A$2 + value*tblHelmet[[#This Row],[phy_spi]]*Sheet1!$B$2 + value*tblHelmet[[#This Row],[phy_gra]]*Sheet1!$C$2 ) + tblHelmet[[#This Row],[Base_phy]], tblHelmet[[#This Row],[Base_phy]] )) -> 2 | T24: =IF(tblHelmet[[#This Row],[Name]]="","", IF(AND(Sheet1!$A$2>=tblHelmet[[#This Row],[min_cor]], Sheet1!$B$2>=tblHelmet[[#This Row],[min_spi]], Sheet1!$C$2>=tblHelmet[[#This Row],[min_gra]]), _xlfn.FLOOR.MATH(value*tblHelmet[[#This Row],[mag_cor]]*Sheet1!$A$2 + value*tblHelmet[[#This Row],[mag_spi]]*Sheet1!$B$2 + value*tblHelmet[[#This Row],[mag_gra]]*Sheet1!$C$2) + tblHelmet[[#This Row],[Base_mag]], tblHelmet[[#This Row],[Base_mag]])) -> 3 | U24: =IF(tblHelmet[[#This Row],[Name]]="","", IF(AND(Sheet1!$A$2>=tblHelmet[[#This Row],[min_cor]], Sheet1!$B$2>=tblHelmet[[#This Row],[min_spi]], Sheet1!$C$2>=tblHelmet[[#This Row],[min_gra]]), _xlfn.FLOOR.MATH(value*tblHelmet[[#This Row],[sta_cor]]*Sheet1!$A$2 + value*tblHelmet[[#This Row],[sta_spi]]*Sheet1!$B$2 + value*tblHelmet[[#This Row],[sta_gra]]*Sheet1!$C$2) + tblHelmet[[#This Row],[Base_sta]], tblHelmet[[#This Row],[Base_sta]])) -> 0 | V24: =IF(tblHelmet[[#This Row],[Name]]="","", tblHelmet[[#This Row],[phy]]*Sheet1!$E$2 + tblHelmet[[#This Row],[mag]]*Sheet1!$F$2 + tblHelmet[[#This Row],[sta]]*Sheet1!$G$2) -> 5 | W24: =IF(tblHelmet[[#This Row],[Name]]="","", _xlfn.RANK.EQ(tblHelmet[[#This Row],[Score]], tblHelmet[Score], 0)) -> 20
A25: 荒源西林假面 | B25: WYLD SIRIN'S FEIGNMASK | C25: 蓝手大包 | D25: 2 | E25: 0 | F25: 3 | I25: 2 | O25: 1 | S25: =IF(tblHelmet[[#This Row],[Name]]="","", IF( AND( Sheet1!$A$2 >= tblHelmet[[#This Row],[min_cor]], Sheet1!$B$2 >= tblHelmet[[#This Row],[min_spi]], Sheet1!$C$2 >= tblHelmet[[#This Row],[min_gra]] ), _xlfn.FLOOR.MATH( value*tblHelmet[[#This Row],[phy_cor]]*Sheet1!$A$2 + value*tblHelmet[[#This Row],[phy_spi]]*Sheet1!$B$2 + value*tblHelmet[[#This Row],[phy_gra]]*Sheet1!$C$2 ) + tblHelmet[[#This Row],[Base_phy]], tblHelmet[[#This Row],[Base_phy]] )) -> 11 | T25: =IF(tblHelmet[[#This Row],[Name]]="","", IF(AND(Sheet1!$A$2>=tblHelmet[[#This Row],[min_cor]], Sheet1!$B$2>=tblHelmet[[#This Row],[min_spi]], Sheet1!$C$2>=tblHelmet[[#This Row],[min_gra]]), _xlfn.FLOOR.MATH(value*tblHelmet[[#This Row],[mag_cor]]*Sheet1!$A$2 + value*tblHelmet[[#This Row],[mag_spi]]*Sheet1!$B$2 + value*tblHelmet[[#This Row],[mag_gra]]*Sheet1!$C$2) + tblHelmet[[#This Row],[Base_mag]], tblHelmet[[#This Row],[Base_mag]])) -> 0 | U25: =IF(tblHelmet[[#This Row],[Name]]="","", IF(AND(Sheet1!$A$2>=tblHelmet[[#This Row],[min_cor]], Sheet1!$B$2>=tblHelmet[[#This Row],[min_spi]], Sheet1!$C$2>=tblHelmet[[#This Row],[min_gra]]), _xlfn.FLOOR.MATH(value*tblHelmet[[#This Row],[sta_cor]]*Sheet1!$A$2 + value*tblHelmet[[#This Row],[sta_spi]]*Sheet1!$B$2 + value*tblHelmet[[#This Row],[sta_gra]]*Sheet1!$C$2) + tblHelmet[[#This Row],[Base_sta]], tblHelmet[[#This Row],[Base_sta]])) -> 7 | V25: =IF(tblHelmet[[#This Row],[Name]]="","", tblHelmet[[#This Row],[phy]]*Sheet1!$E$2 + tblHelmet[[#This Row],[mag]]*Sheet1!$F$2 + tblHelmet[[#This Row],[sta]]*Sheet1!$G$2) -> 18 | W25: =IF(tblHelmet[[#This Row],[Name]]="","", _xlfn.RANK.EQ(tblHelmet[[#This Row],[Score]], tblHelmet[Score], 0)) -> 7
A26: 荒源特斯伦号角头盔 | B26: WYLD TETHREN'S HORNHELM | C26: 红手大包 | D26: 3 | E26: 0 | F26: 2 | G26: 2 | M26: 1 | S26: =IF(tblHelmet[[#This Row],[Name]]="","", IF( AND( Sheet1!$A$2 >= tblHelmet[[#This Row],[min_cor]], Sheet1!$B$2 >= tblHelmet[[#This Row],[min_spi]], Sheet1!$C$2 >= tblHelmet[[#This Row],[min_gra]] ), _xlfn.FLOOR.MATH( value*tblHelmet[[#This Row],[phy_cor]]*Sheet1!$A$2 + value*tblHelmet[[#This Row],[phy_spi]]*Sheet1!$B$2 + value*tblHelmet[[#This Row],[phy_gra]]*Sheet1!$C$2 ) + tblHelmet[[#This Row],[Base_phy]], tblHelmet[[#This Row],[Base_phy]] )) -> 4 | T26: =IF(tblHelmet[[#This Row],[Name]]="","", IF(AND(Sheet1!$A$2>=tblHelmet[[#This Row],[min_cor]], Sheet1!$B$2>=tblHelmet[[#This Row],[min_spi]], Sheet1!$C$2>=tblHelmet[[#This Row],[min_gra]]), _xlfn.FLOOR.MATH(value*tblHelmet[[#This Row],[mag_cor]]*Sheet1!$A$2 + value*tblHelmet[[#This Row],[mag_spi]]*Sheet1!$B$2 + value*tblHelmet[[#This Row],[mag_gra]]*Sheet1!$C$2) + tblHelmet[[#This Row],[Base_mag]], tblHelmet[[#This Row],[Base_mag]])) -> 0 | U26: =IF(tblHelmet[[#This Row],[Name]]="","", IF(AND(Sheet1!$A$2>=tblHelmet[[#This Row],[min_cor]], Sheet1!$B$2>=tblHelmet[[#This Row],[min_spi]], Sheet1!$C$2>=tblHelmet[[#This Row],[min_gra]]), _xlfn.FLOOR.MATH(value*tblHelmet[[#This Row],[sta_cor]]*Sheet1!$A$2 + value*tblHelmet[[#This Row],[sta_spi]]*Sheet1!$B$2 + value*tblHelmet[[#This Row],[sta_gra]]*Sheet1!$C$2) + tblHelmet[[#This Row],[Base_sta]], tblHelmet[[#This Row],[Base_sta]])) -> 2 | V26: =IF(tblHelmet[[#This Row],[Name]]="","", tblHelmet[[#This Row],[phy]]*Sheet1!$E$2 + tblHelmet[[#This Row],[mag]]*Sheet1!$F$2 + tblHelmet[[#This Row],[sta]]*Sheet1!$G$2) -> 6 | W26: =IF(tblHelmet[[#This Row],[Name]]="","", _xlfn.RANK.EQ(tblHelmet[[#This Row],[Score]], tblHelmet[Score], 0)) -> 17

Sheet body armor
A1: Name | B1: eng | C1: Drop | D1: Base_phy | E1: Base_mag | F1: Base_sta | G1: phy_cor | H1: phy_spi | I1: phy_gra | J1: mag_cor | K1: mag_spi | L1: mag_gra | M1: sta_cor | N1: sta_spi | O1: sta_gra | P1: min_cor | Q1: min_spi | R1: min_gra | S1: phy | T1: mag | U1: sta | V1: Score | W1: Rank
A2: 承种者腹甲 | B2: ARBEARER'S PAUNCHER | C2: 南瓜人 | D2: 7 | E2: 2 | F2: 4 | G2: 3 | J2: 1 | M2: 2 | P2: 22 | S2: =IF(tblBodyArmor[[#This Row],[Name]]="","", IF( AND( Sheet1!$A$2 >= tblBodyArmor[[#This Row],[min_cor]], Sheet1!$B$2 >= tblBodyArmor[[#This Row],[min_spi]], Sheet1!$C$2 >= tblBodyArmor[[#This Row],[min_gra]] ), _xlfn.FLOOR.MATH( value*tblBodyArmor[[#This Row],[phy_cor]]*Sheet1!$A$2 + value*tblBodyArmor[[#This Row],[phy_spi]]*Sheet1!$B$2 + value*tblBodyArmor[[#This Row],[phy_gra]]*Sheet1!$C$2 ) + tblBodyArmor[[#This Row],[Base_phy]], tblBodyArmor[[#This Row],[Base_phy]] )) -> 7 | T2: =IF(tblBodyArmor[[#This Row],[Name]]="","", IF(AND(Sheet1!$A$2>=tblBodyArmor[[#This Row],[min_cor]], Sheet1!$B$2>=tblBodyArmor[[#This Row],[min_spi]], Sheet1!$C$2>=tblBodyArmor[[#This Row],[min_gra]]), _xlfn.FLOOR.MATH(value*tblBodyArmor[[#This Row],[mag_cor]]*Sheet1!$A$2 + value*tblBodyArmor[[#This Row],[mag_spi]]*Sheet1!$B$2 + value*tblBodyArmor[[#This Row],[mag_gra]]*Sheet1!$C$2) + tblBodyArmor[[#This Row],[Base_mag]], tblBodyArmor[[#This Row],[Base_mag]])) -> 2 | U2: =IF(tblBodyArmor[[#This Row],[Name]]="","", IF(AND(Sheet1!$A$2>=tblBodyArmor[[#This Row],[min_cor]], Sheet1!$B$2>=tblBodyArmor[[#This Row],[min_spi]], Sheet1!$C$2>=tblBodyArmor[[#This Row],[min_gra]]), _xlfn.FLOOR.MATH(value*tblBodyArmor[[#This Row],[sta_cor]]*Sheet1!$A$2 + value*tblBodyArmor[[#This Row],[sta_spi]]*Sheet1!$B$2 + value*tblBodyArmor[[#This Row],[sta_gra]]*Sheet1!$C$2) + tblBodyArmor[[#This Row],[Base_sta]], tblBodyArmor[[#This Row],[Base_sta]])) -> 4 | V2: =IF(tblBodyArmor[[#This Row],[Name]]="","", tblBodyArmor[[#This Row],[phy]]*Sheet1!$E$2 + tblBodyArmor[[#This Row],[mag]]*Sheet1!$F$2 + tblBodyArmor[[#This Row],[sta]]*Sheet1!$G$2) -> 13 | W2: =IF(tblBodyArmor[[#This Row],[Name]]="","", _xlfn.RANK.EQ(tblBodyArmor[[#This Row],[Score]], tblBodyArmor[Score], 0)) -> 8
A3: 凯瑟德护腹 | B3: CIRCADE'S GUTGUARD | C3: 墓穴解密 | D3: 6 | E3: 0 | F3: 4 | G3: 3 | M3: 2 | P3: 14 | S3: =IF(tblBodyArmor[[#This Row],[Name]]="","", IF( AND( Sheet1!$A$2 >= tblBodyArmor[[#This Row],[min_cor]], Sheet1!$B$2 >= tblBodyArmor[[#This Row],[min_spi]], Sheet1!$C$2 >= tblBodyArmor[[#This Row],[min_gra]] ), _xlfn.FLOOR.MATH( value*tblBodyArmor[[#This Row],[phy_cor]]*Sheet1!$A$2 + value*tblBodyArmor[[#This Row],[phy_spi]]*Sheet1!$B$2 + value*tblBodyArmor[[#This Row],[phy_gra]]*Sheet1!$C$2 ) + tblBodyArmor[[#This Row],[Base_phy]], tblBodyArmor[[#This Row],[Base_phy]] )) -> 6 | T3: =IF(tblBodyArmor[[#This Row],[Name]]="","", IF(AND(Sheet1!$A$2>=tblBodyArmor[[#This Row],[min_cor]], Sheet1!$B$2>=tblBodyArmor[[#This Row],[min_spi]], Sheet1!$C$2>=tblBodyArmor[[#This Row],[min_gra]]), _xlfn.FLOOR.MATH(value*tblBodyArmor[[#This Row],[mag_cor]]*Sheet1!$A$2 + value*tblBodyArmor[[#This Row],[mag_spi]]*Sheet1!$B$2 + value*tblBodyArmor[[#This Row],[mag_gra]]*Sheet1!$C$2) + tblBodyArmor[[#This Row],[Base_mag]], tblBodyArmor[[#This Row],[Base_mag]])) -> 0 | U3: =IF(tblBodyArmor[[#This Row],[Name]]="","", IF(AND(Sheet1!$A$2>=tblBodyArmor[[#This Row],[min_cor]], Sheet1!$B$2>=tblBodyArmor[[#This Row],[min_spi]], Sheet1!$C$2>=tblBodyArmor[[#This Row],[min_gra]]), _xlfn.FLOOR.MATH(value*tblBodyArmor[[#This Row],[sta_cor]]*Sheet1!$A$2 + value*tblBodyArmor[[#This Row],[sta_spi]]*Sheet1!$B$2 + value*tblBodyArmor[[#This Row],[sta_gra]]*Sheet1!$C$2) + tblBodyArmor[[#This Row],[Base_sta]], tblBodyArmor[[#This Row],[Base_sta]])) -> 4 | V3: =IF(tblBodyArmor[[#This Row],[Name]]="","", tblBodyArmor[[#This Row],[phy]]*Sheet1!$E$2 + tblBodyArmor[[#This Row],[mag]]*Sheet1!$F$2 + tblBodyArmor[[#This Row],[sta]]*Sheet1!$G$2) -> 10 | W3: =IF(tblBodyArmor[[#This Row],[Name]]="","", _xlfn.RANK.EQ(tblBodyArmor[[#This Row],[Score]], tblBodyArmor[Score], 0)) -> 13
A4: 烈火之王铠甲 | B4: FIRE KING'S PLACKART | C4: 集团 | D4: 5 | E4: 2 | F4: 3 | G4: 2 | I4: 2 | J4: 1 | M4: 1 | O4: 2 | P4: 15 | S4: =IF(tblBodyArmor[[#This Row],[Name]]="","", IF( AND( Sheet1!$A$2 >= tblBodyArmor[[#This Row],[min_cor]], Sheet1!$B$2 >= tblBodyArmor[[#This Row],[min_spi]], Sheet1!$C$2 >= tblBodyArmor[[#This Row],[min_gra]] ), _xlfn.FLOOR.MATH( value*tblBodyArmor[[#This Row],[phy_cor]]*Sheet1!$A$2 + value*tblBodyArmor[[#This Row],[phy_spi]]*Sheet1!$B$2 + value*tblBodyArmor[[#This Row],[phy_gra]]*Sheet1!$C$2 ) + tblBodyArmor[[#This Row],[Base_phy]], tblBodyArmor[[#This Row],[Base_phy]] )) -> 5 | T4: =IF(tblBodyArmor[[#This Row],[Name]]="","", IF(AND(Sheet1!$A$2>=tblBodyArmor[[#This Row],[min_cor]], Sheet1!$B$2>=tblBodyArmor[[#This Row],[min_spi]], Sheet1!$C$2>=tblBodyArmor[[#This Row],[min_gra]]), _xlfn.FLOOR.MATH(value*tblBodyArmor[[#This Row],[mag_cor]]*Sheet1!$A$2 + value*tblBodyArmor[[#This Row],[mag_spi]]*Sheet1!$B$2 + value*tblBodyArmor[[#This Row],[mag_gra]]*Sheet1!$C$2) + tblBodyArmor[[#This Row],[Base_mag]], tblBodyArmor[[#This Row],[Base_mag]])) -> 2 | U4: =IF(tblBodyArmor[[#This Row],[Name]]="","", IF(AND(Sheet1!$A$2>=tblBodyArmor[[#This Row],[min_cor]], Sheet1!$B$2>=tblBodyArmor[[#This Row],[min_spi]], Sheet1!$C$2>=tblBodyArmor[[#This Row],[min_gra]]), _xlfn.FLOOR.MATH(value*tblBodyArmor[[#This Row],[sta_cor]]*Sheet1!$A$2 + value*tblBodyArmor[[#This Row],[sta_spi]]*Sheet1!$B$2 + value*tblBodyArmor[[#This Row],[sta_gra]]*Sheet1!$C$2) + tblBodyArmor[[#This Row],[Base_sta]], tblBodyArmor[[#This Row],[Base_sta]])) -> 3 | V4: =IF(tblBodyArmor[[#This Row],[Name]]="","", tblBodyArmor[[#This Row],[phy]]*Sheet1!$E$2 + tblBodyArmor[[#This Row],[mag]]*Sheet1!$F$2 + tblBodyArmor[[#This Row],[sta]]*Sheet1!$G$2) -> 10 | W4: =IF(tblBodyArmor[[#This Row],[Name]]="","", _xlfn.RANK.EQ(tblBodyArmor[[#This Row],[Score]], tblBodyArmor[Score], 0)) -> 13
A5: 忘焰皮衣 | B5: FORGETFIRE LEATHERS | C5: 集团 | D5: 4 | E5: 0 | F5: 3 | G5: 2 | M5: 2 | P5: 12 | S5: =IF(tblBodyArmor[[#This Row],[Name]]="","", IF( AND( Sheet1!$A$2 >= tblBodyArmor[[#This Row],[min_cor]], Sheet1!$B$2 >= tblBodyArmor[[#This Row],[min_spi]], Sheet1!$C$2 >= tblBodyArmor[[#This Row],[min_gra]] ), _xlfn.FLOOR.MATH( value*tblBodyArmor[[#This Row],[phy_cor]]*Sheet1!$A$2 + value*tblBodyArmor[[#This Row],[phy_spi]]*Sheet1!$B$2 + value*tblBodyArmor[[#This Row],[phy_gra]]*Sheet1!$C$2 ) + tblBodyArmor[[#This Row],[Base_phy]], tblBodyArmor[[#This Row],[Base_phy]] )) -> 4 | T5: =IF(tblBodyArmor[[#This Row],[Name]]="","", IF(AND(Sheet1!$A$2>=tblBodyArmor[[#This Row],[min_cor]], Sheet1!$B$2>=tblBodyArmor[[#This Row],[min_spi]], Sheet1!$C$2>=tblBodyArmor[[#This Row],[min_gra]]), _xlfn.FLOOR.MATH(value*tblBodyArmor[[#This Row],[mag_cor]]*Sheet1!$A$2 + value*tblBodyArmor[[#This Row],[mag_spi]]*Sheet1!$B$2 + value*tblBodyArmor[[#This Row],[mag_gra]]*Sheet1!$C$2) + tblBodyArmor[[#This Row],[Base_mag]], tblBodyArmor[[#This Row],[Base_mag]])) -> 0 | U5: =IF(tblBodyArmor[[#This Row],[Name]]="","", IF(AND(Sheet1!$A$2>=tblBodyArmor[[#This Row],[min_cor]], Sheet1!$B$2>=tblBodyArmor[[#This Row],[min_spi]], Sheet1!$C$2>=tblBodyArmor[[#This Row],[min_gra]]), _xlfn.FLOOR.MATH(value*tblBodyArmor[[#This Row],[sta_cor]]*Sheet1!$A$2 + value*tblBodyArmor[[#This Row],[sta_spi]]*Sheet1!$B$2 + value*tblBodyArmor[[#This Row],[sta_gra]]*Sheet1!$C$2) + tblBodyArmor[[#This Row],[Base_sta]], tblBodyArmor[[#This Row],[Base_sta]])) -> 3 | V5: =IF(tblBodyArmor[[#This Row],[Name]]="","", tblBodyArmor[[#This Row],[phy]]*Sheet1!$E$2 + tblBodyArmor[[#This Row],[mag]]*Sheet1!$F$2 + tblBodyArmor[[#This Row],[sta]]*Sheet1!$G$2) -> 7 | W5: =IF(tblBodyArmor[[#This Row],[Name]]="","", _xlfn.RANK.EQ(tblBodyArmor[[#This Row],[Score]], tblBodyArmor[Score], 0)) -> 19
A6: 赤裸 | B6: LAID BARE | C6: 初始 | D6: 0 | E6: 0 | F6: 0 | S6: =IF(tblBodyArmor[[#This Row],[Name]]="","", IF( AND( Sheet1!$A$2 >= tblBodyArmor[[#This Row],[min_cor]], Sheet1!$B$2 >= tblBodyArmor[[#This Row],[min_spi]], Sheet1!$C$2 >= tblBodyArmor[[#This Row],[min_gra]] ), _xlfn.FLOOR.MATH( value*tblBodyArmor[[#This Row],[phy_cor]]*Sheet1!$A$2 + value*tblBodyArmor[[#This Row],[phy_spi]]*Sheet1!$B$2 + value*tblBodyArmor[[#This Row],[phy_gra]]*Sheet1!$C$2 ) + tblBodyArmor[[#This Row],[Base_phy]], tblBodyArmor[[#This Row],[Base_phy]] )) -> 0 | T6: =IF(tblBodyArmor[[#This Row],[Name]]="","", IF(AND(Sheet1!$A$2>=tblBodyArmor[[#This Row],[min_cor]], Sheet1!$B$2>=tblBodyArmor[[#This Row],[min_spi]], Sheet1!$C$2>=tblBodyArmor[[#This Row],[min_gra]]), _xlfn.FLOOR.MATH(value*tblBodyArmor[[#This Row],[mag_cor]]*Sheet1!$A$2 + value*tblBodyArmor[[#This Row],[mag_spi]]*Sheet1!$B$2 + value*tblBodyArmor[[#This Row],[mag_gra]]*Sheet1!$C$2) + tblBodyArmor[[#This Row],[Base_mag]], tblBodyArmor[[#This Row],[Base_mag]])) -> 0 | U6: =IF(tblBodyArmor[[#This Row],[Name]]="","", IF(AND(Sheet1!$A$2>=tblBodyArmor[[#This Row],[min_cor]], Sheet1!$B$2>=tblBodyArmor[[#This Row],[min_spi]], Sheet1!$C$2>=tblBodyArmor[[#This Row],[min_gra]]), _xlfn.FLOOR.MATH(value*tblBodyArmor[[#This Row],[sta_cor]]*Sheet1!$A$2 + value*tblBodyArmor[[#This Row],[sta_spi]]*Sheet1!$B$2 + value*tblBodyArmor[[#This Row],[sta_gra]]*Sheet1!$C$2) + tblBodyArmor[[#This Row],[Base_sta]], tblBodyArmor[[#This Row],[Base_sta]])) -> 0 | V6: =IF(tblBodyArmor[[#This Row],[Name]]="","", tblBodyArmor[[#This Row],[phy]]*Sheet1!$E$2 + tblBodyArmor[[#This Row],[mag]]*Sheet1!$F$2 + tblBodyArmor[[#This Row],[sta]]*Sheet1!$G$2) -> 0 | W6: =IF(tblBodyArmor[[#This Row],[Name]]="","", _xlfn.RANK.EQ(tblBodyArmor[[#This Row],[Score]], tblBodyArmor[Score], 0)) -> 20
A7: 苦行者国王怨袍 | B7: MENDICANT KING'S SUIT OF RANCOR | C7: 乞王 | D7: 6 | E7: 3 | F7: 4 | G7: 3 | H7: 1 | J7: 1 | K7: 2 | M7: 1 | N7: 1 | P7: 20 | S7: =IF(tblBodyArmor[[#This Row],[Name]]="","", IF( AND( Sheet1!$A$2 >= tblBodyArmor[[#This Row],[min_cor]], Sheet1!$B$2 >= tblBodyArmor[[#This Row],[min_spi]], Sheet1!$C$2 >= tblBodyArmor[[#This Row],[min_gra]] ), _xlfn.FLOOR.MATH( value*tblBodyArmor[[#This Row],[phy_cor]]*Sheet1!$A$2 + value*tblBodyArmor[[#This Row],[phy_spi]]*Sheet1!$B$2 + value*tblBodyArmor[[#This Row],[phy_gra]]*Sheet1!$C$2 ) + tblBodyArmor[[#This Row],[Base_phy]], tblBodyArmor[[#This Row],[Base_phy]] )) -> 6 | T7: =IF(tblBodyArmor[[#This Row],[Name]]="","", IF(AND(Sheet1!$A$2>=tblBodyArmor[[#This Row],[min_cor]], Sheet1!$B$2>=tblBodyArmor[[#This Row],[min_spi]], Sheet1!$C$2>=tblBodyArmor[[#This Row],[min_gra]]), _xlfn.FLOOR.MATH(value*tblBodyArmor[[#This Row],[mag_cor]]*Sheet1!$A$2 + value*tblBodyArmor[[#This Row],[mag_spi]]*Sheet1!$B$2 + value*tblBodyArmor[[#This Row],[mag_gra]]*Sheet1!$C$2) + tblBodyArmor[[#This Row],[Base_mag]], tblBodyArmor[[#This Row],[Base_mag]])) -> 3 | U7: =IF(tblBodyArmor[[#This Row],[Name]]="","", IF(AND(Sheet1!$A$2>=tblBodyArmor[[#This Row],[min_cor]], Sheet1!$B$2>=tblBodyArmor[[#This Row],[min_spi]], Sheet1!$C$2>=tblBodyArmor[[#This Row],[min_gra]]), _xlfn.FLOOR.MATH(value*tblBodyArmor[[#This Row],[sta_cor]]*Sheet1!$A$2 + value*tblBodyArmor[[#This Row],[sta_spi]]*Sheet1!$B$2 + value*tblBodyArmor[[#This Row],[sta_gra]]*Sheet1!$C$2) + tblBodyArmor[[#This Row],[Base_sta]], tblBodyArmor[[#This Row],[Base_sta]])) -> 4 | V7: =IF(tblBodyArmor[[#This Row],[Name]]="","", tblBodyArmor[[#This Row],[phy]]*Sheet1!$E$2 + tblBodyArmor[[#This Row],[mag]]*Sheet1!$F$2 + tblBodyArmor[[#This Row],[sta]]*Sheet1!$G$2) -> 13 | W7: =IF(tblBodyArmor[[#This Row],[Name]]="","", _xlfn.RANK.EQ(tblBodyArmor[[#This Row],[Score]], tblBodyArmor[Score], 0)) -> 8
A8: 嘲魂束衣 | B8: MOCKERY BINDS | C8: 三重 | D8: 4 | E8: 4 | F8: 4 | H8: 2 | I8: 1 | K8: 2 | L8: 1 | N8: 1 | O8: 2 | R8: 20 | S8: =IF(tblBodyArmor[[#This Row],[Name]]="","", IF( AND( Sheet1!$A$2 >= tblBodyArmor[[#This Row],[min_cor]], Sheet1!$B$2 >= tblBodyArmor[[#This Row],[min_spi]], Sheet1!$C$2 >= tblBodyArmor[[#This Row],[min_gra]] ), _xlfn.FLOOR.MATH( value*tblBodyArmor[[#This Row],[phy_cor]]*Sheet1!$A$2 + value*tblBodyArmor[[#This Row],[phy_spi]]*Sheet1!$B$2 + value*tblBodyArmor[[#This Row],[phy_gra]]*Sheet1!$C$2 ) + tblBodyArmor[[#This Row],[Base_phy]], tblBodyArmor[[#This Row],[Base_phy]] )) -> 10 | T8: =IF(tblBodyArmor[[#This Row],[Name]]="","", IF(AND(Sheet1!$A$2>=tblBodyArmor[[#This Row],[min_cor]], Sheet1!$B$2>=tblBodyArmor[[#This Row],[min_spi]], Sheet1!$C$2>=tblBodyArmor[[#This Row],[min_gra]]), _xlfn.FLOOR.MATH(value*tblBodyArmor[[#This Row],[mag_cor]]*Sheet1!$A$2 + value*tblBodyArmor[[#This Row],[mag_spi]]*Sheet1!$B$2 + value*tblBodyArmor[[#This Row],[mag_gra]]*Sheet1!$C$2) + tblBodyArmor[[#This Row],[Base_mag]], tblBodyArmor[[#This Row],[Base_mag]])) -> 10 | U8: =IF(tblBodyArmor[[#This Row],[Name]]="","", IF(AND(Sheet1!$A$2>=tblBodyArmor[[#This Row],[min_cor]], Sheet1!$B$2>=tblBodyArmor[[#This Row],[min_spi]], Sheet1!$C$2>=tblBodyArmor[[#This Row],[min_gra]]), _xlfn.FLOOR.MATH(value*tblBodyArmor[[#This Row],[sta_cor]]*Sheet1!$A$2 + value*tblBodyArmor[[#This Row],[sta_spi]]*Sheet1!$B$2 + value*tblBodyArmor[[#This Row],[sta_gra]]*Sheet1!$C$2) + tblBodyArmor[[#This Row],[Base_sta]], tblBodyArmor[[#This Row],[Base_sta]])) -> 13 | V8: =IF(tblBodyArmor[[#This Row],[Name]]="","", tblBodyArmor[[#This Row],[phy]]*Sheet1!$E$2 + tblBodyArmor[[#This Row],[mag]]*Sheet1!$F$2 + tblBodyArmor[[#This Row],[sta]]*Sheet1!$G$2) -> 33 | W8: =IF(tblBodyArmor[[#This Row],[Name]]="","", _xlfn.RANK.EQ(tblBodyArmor[[#This Row],[Score]], tblBodyArmor[Score], 0)) -> 2
A9: 奥伦加胸甲 | B9: ORENGALL'S CUIRASS | C9: 集团 | D9: 5 | E9: 3 | F9: 4 | G9: 1 | I9: 3 | J9: 1 | L9: 1 | M9: 0 | O9: 3 | R9: 20 | S9: =IF(tblBodyArmor[[#This Row],[Name]]="","", IF( AND( Sheet1!$A$2 >= tblBodyArmor[[#This Row],[min_cor]], Sheet1!$B$2 >= tblBodyArmor[[#This Row],[min_spi]], Sheet1!$C$2 >= tblBodyArmor[[#This Row],[min_gra]] ), _xlfn.FLOOR.MATH( value*tblBodyArmor[[#This Row],[phy_cor]]*Sheet1!$A$2 + value*tblBodyArmor[[#This Row],[phy_spi]]*Sheet1!$B$2 + value*tblBodyArmor[[#This Row],[phy_gra]]*Sheet1!$C$2 ) + tblBodyArmor[[#This Row],[Base_phy]], tblBodyArmor[[#This Row],[Base_phy]] )) -> 19 | T9: =IF(tblBodyArmor[[#This Row],[Name]]="","", IF(AND(Sheet1!$A$2>=tblBodyArmor[[#This Row],[min_cor]], Sheet1!$B$2>=tblBodyArmor[[#This Row],[min_spi]], Sheet1!$C$2>=tblBodyArmor[[#This Row],[min_gra]]), _xlfn.FLOOR.MATH(value*tblBodyArmor[[#This Row],[mag_cor]]*Sheet1!$A$2 + value*tblBodyArmor[[#This Row],[mag_spi]]*Sheet1!$B$2 + value*tblBodyArmor[[#This Row],[mag_gra]]*Sheet1!$C$2) + tblBodyArmor[[#This Row],[Base_mag]], tblBodyArmor[[#This Row],[Base_mag]])) -> 8 | U9: =IF(tblBodyArmor[[#This Row],[Name]]="","", IF(AND(Sheet1!$A$2>=tblBodyArmor[[#This Row],[min_cor]], Sheet1!$B$2>=tblBodyArmor[[#This Row],[min_spi]], Sheet1!$C$2>=tblBodyArmor[[#This Row],[min_gra]]), _xlfn.FLOOR.MATH(value*tblBodyArmor[[#This Row],[sta_cor]]*Sheet1!$A$2 + value*tblBodyArmor[[#This Row],[sta_spi]]*Sheet1!$B$2 + value*tblBodyArmor[[#This Row],[sta_gra]]*Sheet1!$C$2) + tblBodyArmor[[#This Row],[Base_sta]], tblBodyArmor[[#This Row],[Base_sta]])) -> 17 | V9: =IF(tblBodyArmor[[#This Row],[Name]]="","", tblBodyArmor[[#This Row],[phy]]*Sheet1!$E$2 + tblBodyArmor[[#This Row],[mag]]*Sheet1!$F$2 + tblBodyArmor[[#This Row],[sta]]*Sheet1!$G$2) -> 44 | W9: =IF(tblBodyArmor[[#This Row],[Name]]="","", _xlfn.RANK.EQ(tblBodyArmor[[#This Row],[Score]], tblBodyArmor[Score], 0)) -> 1
A10: 奥瑟达蓝衣 | B10: OSCELDA'S BLUES | C10: 绿手初始 | D10: 3 | E10: 5 | F10: 0 | H10: 1 | K10: 1 | S10: =IF(tblBodyArmor[[#This Row],[Name]]="","", IF( AND( Sheet1!$A$2 >= tblBodyArmor[[#This Row],[min_cor]], Sheet1!$B$2 >= tblBodyArmor[[#This Row],[min_spi]], Sheet1!$C$2 >= tblBodyArmor[[#This Row],[min_gra]] ), _xlfn.FLOOR.MATH( value*tblBodyArmor[[#This Row],[phy_cor]]*Sheet1!$A$2 + value*tblBodyArmor[[#This Row],[phy_spi]]*Sheet1!$B$2 + value*tblBodyArmor[[#This Row],[phy_gra]]*Sheet1!$C$2 ) + tblBodyArmor[[#This Row],[Base_phy]], tblBodyArmor[[#This Row],[Base_phy]] )) -> 3 | T10: =IF(tblBodyArmor[[#This Row],[Name]]="","", IF(AND(Sheet1!$A$2>=tblBodyArmor[[#This Row],[min_cor]], Sheet1!$B$2>=tblBodyArmor[[#This Row],[min_spi]], Sheet1!$C$2>=tblBodyArmor[[#This Row],[min_gra]]), _xlfn.FLOOR.MATH(value*tblBodyArmor[[#This Row],[mag_cor]]*Sheet1!$A$2 + value*tblBodyArmor[[#This Row],[mag_spi]]*Sheet1!$B$2 + value*tblBodyArmor[[#This Row],[mag_gra]]*Sheet1!$C$2) + tblBodyArmor[[#This Row],[Base_mag]], tblBodyArmor[[#This Row],[Base_mag]])) -> 5 | U10: =IF(tblBodyArmor[[#This Row],[Name]]="","", IF(AND(Sheet1!$A$2>=tblBodyArmor[[#This Row],[min_cor]], Sheet1!$B$2>=tblBodyArmor[[#This Row],[min_spi]], Sheet1!$C$2>=tblBodyArmor[[#This Row],[min_gra]]), _xlfn.FLOOR.MATH(value*tblBodyArmor[[#This Row],[sta_cor]]*Sheet1!$A$2 + value*tblBodyArmor[[#This Row],[sta_spi]]*Sheet1!$B$2 + value*tblBodyArmor[[#This Row],[sta_gra]]*Sheet1!$C$2) + tblBodyArmor[[#This Row],[Base_sta]], tblBodyArmor[[#This Row],[Base_sta]])) -> 0 | V10: =IF(tblBodyArmor[[#This Row],[Name]]="","", tblBodyArmor[[#This Row],[phy]]*Sheet1!$E$2 + tblBodyArmor[[#This Row],[mag]]*Sheet1!$F$2 + tblBodyArmor[[#This Row],[sta]]*Sheet1!$G$2) -> 8 | W10: =IF(tblBodyArmor[[#This Row],[Name]]="","", _xlfn.RANK.EQ(tblBodyArmor[[#This Row],[Score]], tblBodyArmor[Score], 0)) -> 17
A11: 加伦·鲁德礼服 | B11: REGALIA OF GARREN ROOD | C11: 鹿 | D11: 3 | E11: 3 | F11: 3 | H11: 1 | I11: 2 | K11: 2 | L11: 1 | N11: 1 | O11: 2 | R11: 15 | S11: =IF(tblBodyArmor[[#This Row],[Name]]="","", IF( AND( Sheet1!$A$2 >= tblBodyArmor[[#This Row],[min_cor]], Sheet1!$B$2 >= tblBodyArmor[[#This Row],[min_spi]], Sheet1!$C$2 >= tblBodyArmor[[#This Row],[min_gra]] ), _xlfn.FLOOR.MATH( value*tblBodyArmor[[#This Row],[phy_cor]]*Sheet1!$A$2 + value*tblBodyArmor[[#This Row],[phy_spi]]*Sheet1!$B$2 + value*tblBodyArmor[[#This Row],[phy_gra]]*Sheet1!$C$2 ) + tblBodyArmor[[#This Row],[Base_phy]], tblBodyArmor[[#This Row],[Base_phy]] )) -> 12 | T11: =IF(tblBodyArmor[[#This Row],[Name]]="","", IF(AND(Sheet1!$A$2>=tblBodyArmor[[#This Row],[min_cor]], Sheet1!$B$2>=tblBodyArmor[[#This Row],[min_spi]], Sheet1!$C$2>=tblBodyArmor[[#This Row],[min_gra]]), _xlfn.FLOOR.MATH(value*tblBodyArmor[[#This Row],[mag_cor]]*Sheet1!$A$2 + value*tblBodyArmor[[#This Row],[mag_spi]]*Sheet1!$B$2 + value*tblBodyArmor[[#This Row],[mag_gra]]*Sheet1!$C$2) + tblBodyArmor[[#This Row],[Base_mag]], tblBodyArmor[[#This Row],[Base_mag]])) -> 9 | U11: =IF(tblBodyArmor[[#This Row],[Name]]="","", IF(AND(Sheet1!$A$2>=tblBodyArmor[[#This Row],[min_cor]], Sheet1!$B$2>=tblBodyArmor[[#This Row],[min_spi]], Sheet1!$C$2>=tblBodyArmor[[#This Row],[min_gra]]), _xlfn.FLOOR.MATH(value*tblBodyArmor[[#This Row],[sta_cor]]*Sheet1!$A$2 + value*tblBodyArmor[[#This Row],[sta_spi]]*Sheet1!$B$2 + value*tblBodyArmor[[#This Row],[sta_gra]]*Sheet1!$C$2) + tblBodyArmor[[#This Row],[Base_sta]], tblBodyArmor[[#This Row],[Base_sta]])) -> 12 | V11: =IF(tblBodyArmor[[#This Row],[Name]]="","", tblBodyArmor[[#This Row],[phy]]*Sheet1!$E$2 + tblBodyArmor[[#This Row],[mag]]*Sheet1!$F$2 + tblBodyArmor[[#This Row],[sta]]*Sheet1!$G$2) -> 33 | W11: =IF(tblBodyArmor[[#This Row],[Name]]="","", _xlfn.RANK.EQ(tblBodyArmor[[#This Row],[Score]], tblBodyArmor[Score], 0)) -> 2
A12: 摄政铠甲 | B12: REGENT'S SHELL | C12: 集团 | D12: 6 | E12: 3 | F12: 2 | G12: 2 | H12: 2 | J12: 1 | K12: 2 | M12: 2 | P12: 15 | S12: =IF(tblBodyArmor[[#This Row],[Name]]="","", IF( AND( Sheet1!$A$2 >= tblBodyArmor[[#This Row],[min_cor]], Sheet1!$B$2 >= tblBodyArmor[[#This Row],[min_spi]], Sheet1!$C$2 >= tblBodyArmor[[#This Row],[min_gra]] ), _xlfn.FLOOR.MATH( value*tblBodyArmor[[#This Row],[phy_cor]]*Sheet1!$A$2 + value*tblBodyArmor[[#This Row],[phy_spi]]*Sheet1!$B$2 + value*tblBodyArmor[[#This Row],[phy_gra]]*Sheet1!$C$2 ) + tblBodyArmor[[#This Row],[Base_phy]], tblBodyArmor[[#This Row],[Base_phy]] )) -> 6 | T12: =IF(tblBodyArmor[[#This Row],[Name]]="","", IF(AND(Sheet1!$A$2>=tblBodyArmor[[#This Row],[min_cor]], Sheet1!$B$2>=tblBodyArmor[[#This Row],[min_spi]], Sheet1!$C$2>=tblBodyArmor[[#This Row],[min_gra]]), _xlfn.FLOOR.MATH(value*tblBodyArmor[[#This Row],[mag_cor]]*Sheet1!$A$2 + value*tblBodyArmor[[#This Row],[mag_spi]]*Sheet1!$B$2 + value*tblBodyArmor[[#This Row],[mag_gra]]*Sheet1!$C$2) + tblBodyArmor[[#This Row],[Base_mag]], tblBodyArmor[[#This Row],[Base_mag]])) -> 3 | U12: =IF(tblBodyArmor[[#This Row],[Name]]="","", IF(AND(Sheet1!$A$2>=tblBodyArmor[[#This Row],[min_cor]], Sheet1!$B$2>=tblBodyArmor[[#This Row],[min_spi]], Sheet1!$C$2>=tblBodyArmor[[#This Row],[min_gra]]), _xlfn.FLOOR.MATH(value*tblBodyArmor[[#This Row],[sta_cor]]*Sheet1!$A$2 + value*tblBodyArmor[[#This Row],[sta_spi]]*Sheet1!$B$2 + value*tblBodyArmor[[#This Row],[sta_gra]]*Sheet1!$C$2) + tblBodyArmor[[#This Row],[Base_sta]], tblBodyArmor[[#This Row],[Base_sta]])) -> 2 | V12: =IF(tblBodyArmor[[#This Row],[Name]]="","", tblBodyArmor[[#This Row],[phy]]*Sheet1!$E$2 + tblBodyArmor[[#This Row],[mag]]*Sheet1!$F$2 + tblBodyArmor[[#This Row],[sta]]*Sheet1!$G$2) -> 11 | W12: =IF(tblBodyArmor[[#This Row],[Name]]="","", _xlfn.RANK.EQ(tblBodyArmor[[#This Row],[Score]], tblBodyArmor[Score], 0)) -> 11
A13: 西林素皮衣 | B13: SIRIN'S PLAINHIDE | C13: 蓝手初始 | D13: 4 | E13: 0 | F13: 4 | I13: 1 | O13: 1 | S13: =IF(tblBodyArmor[[#This Row],[Name]]="","", IF( AND( Sheet1!$A$2 >= tblBodyArmor[[#This Row],[min_cor]], Sheet1!$B$2 >= tblBodyArmor[[#This Row],[min_spi]], Sheet1!$C$2 >= tblBodyArmor[[#This Row],[min_gra]] ), _xlfn.FLOOR.MATH( value*tblBodyArmor[[#This Row],[phy_cor]]*Sheet1!$A$2 + value*tblBodyArmor[[#This Row],[phy_spi]]*Sheet1!$B$2 + value*tblBodyArmor[[#This Row],[phy_gra]]*Sheet1!$C$2 ) + tblBodyArmor[[#This Row],[Base_phy]], tblBodyArmor[[#This Row],[Base_phy]] )) -> 8 | T13: =IF(tblBodyArmor[[#This Row],[Name]]="","", IF(AND(Sheet1!$A$2>=tblBodyArmor[[#This Row],[min_cor]], Sheet1!$B$2>=tblBodyArmor[[#This Row],[min_spi]], Sheet1!$C$2>=tblBodyArmor[[#This Row],[min_gra]]), _xlfn.FLOOR.MATH(value*tblBodyArmor[[#This Row],[mag_cor]]*Sheet1!$A$2 + value*tblBodyArmor[[#This Row],[mag_spi]]*Sheet1!$B$2 + value*tblBodyArmor[[#This Row],[mag_gra]]*Sheet1!$C$2) + tblBodyArmor[[#This Row],[Base_mag]], tblBodyArmor[[#This Row],[Base_mag]])) -> 0 | U13: =IF(tblBodyArmor[[#This Row],[Name]]="","", IF(AND(Sheet1!$A$2>=tblBodyArmor[[#This Row],[min_cor]], Sheet1!$B$2>=tblBodyArmor[[#This Row],[min_spi]], Sheet1!$C$2>=tblBodyArmor[[#This Row],[min_gra]]), _xlfn.FLOOR.MATH(value*tblBodyArmor[[#This Row],[sta_cor]]*Sheet1!$A$2 + value*tblBodyArmor[[#This Row],[sta_spi]]*Sheet1!$B$2 + value*tblBodyArmor[[#This Row],[sta_gra]]*Sheet1!$C$2) + tblBodyArmor[[#This Row],[Base_sta]], tblBodyArmor[[#This Row],[Base_sta]])) -> 8 | V13: =IF(tblBodyArmor[[#This Row],[Name]]="","", tblBodyArmor[[#This Row],[phy]]*Sheet1!$E$2 + tblBodyArmor[[#This Row],[mag]]*Sheet1!$F$2 + tblBodyArmor[[#This Row],[sta]]*Sheet1!$G$2) -> 16 | W13: =IF(tblBodyArmor[[#This Row],[Name]]="","", _xlfn.RANK.EQ(tblBodyArmor[[#This Row],[Score]], tblBodyArmor[Score], 0)) -> 7
A14: 钢咏师铁砧布衣 | B14: STEELSINGER'S STITHYWICKS | C14: 双轨炮 | D14: 3 | E14: 5 | F14: 3 | H14: 2 | K14: 2 | N14: 2 | Q14: 14 | S14: =IF(tblBodyArmor[[#This Row],[Name]]="","", IF( AND( Sheet1!$A$2 >= tblBodyArmor[[#This Row],[min_cor]], Sheet1!$B$2 >= tblBodyArmor[[#This Row],[min_spi]], Sheet1!$C$2 >= tblBodyArmor[[#This Row],[min_gra]] ), _xlfn.FLOOR.MATH( value*tblBodyArmor[[#This Row],[phy_cor]]*Sheet1!$A$2 + value*tblBodyArmor[[#This Row],[phy_spi]]*Sheet1!$B$2 + value*tblBodyArmor[[#This Row],[phy_gra]]*Sheet1!$C$2 ) + tblBodyArmor[[#This Row],[Base_phy]], tblBodyArmor[[#This Row],[Base_phy]] )) -> 3 | T14: =IF(tblBodyArmor[[#This Row],[Name]]="","", IF(AND(Sheet1!$A$2>=tblBodyArmor[[#This Row],[min_cor]], Sheet1!$B$2>=tblBodyArmor[[#This Row],[min_spi]], Sheet1!$C$2>=tblBodyArmor[[#This Row],[min_gra]]), _xlfn.FLOOR.MATH(value*tblBodyArmor[[#This Row],[mag_cor]]*Sheet1!$A$2 + value*tblBodyArmor[[#This Row],[mag_spi]]*Sheet1!$B$2 + value*tblBodyArmor[[#This Row],[mag_gra]]*Sheet1!$C$2) + tblBodyArmor[[#This Row],[Base_mag]], tblBodyArmor[[#This Row],[Base_mag]])) -> 5 | U14: =IF(tblBodyArmor[[#This Row],[Name]]="","", IF(AND(Sheet1!$A$2>=tblBodyArmor[[#This Row],[min_cor]], Sheet1!$B$2>=tblBodyArmor[[#This Row],[min_spi]], Sheet1!$C$2>=tblBodyArmor[[#This Row],[min_gra]]), _xlfn.FLOOR.MATH(value*tblBodyArmor[[#This Row],[sta_cor]]*Sheet1!$A$2 + value*tblBodyArmor[[#This Row],[sta_spi]]*Sheet1!$B$2 + value*tblBodyArmor[[#This Row],[sta_gra]]*Sheet1!$C$2) + tblBodyArmor[[#This Row],[Base_sta]], tblBodyArmor[[#This Row],[Base_sta]])) -> 3 | V14: =IF(tblBodyArmor[[#This Row],[Name]]="","", tblBodyArmor[[#This Row],[phy]]*Sheet1!$E$2 + tblBodyArmor[[#This Row],[mag]]*Sheet1!$F$2 + tblBodyArmor[[#This Row],[sta]]*Sheet1!$G$2) -> 11 | W14: =IF(tblBodyArmor[[#This Row],[Name]]="","", _xlfn.RANK.EQ(tblBodyArmor[[#This Row],[Score]], tblBodyArmor[Score], 0)) -> 11
A15: 暴风皮衣 | B15: TEMPEST LEATHERS | C15: 集团 | D15: 3 | E15: 0 | F15: 4 | I15: 2 | O15: 2 | R15: 10 | S15: =IF(tblBodyArmor[[#This Row],[Name]]="","", IF( AND( Sheet1!$A$2 >= tblBodyArmor[[#This Row],[min_cor]], Sheet1!$B$2 >= tblBodyArmor[[#This Row],[min_spi]], Sheet1!$C$2 >= tblBodyArmor[[#This Row],[min_gra]] ), _xlfn.FLOOR.MATH( value*tblBodyArmor[[#This Row],[phy_cor]]*Sheet1!$A$2 + value*tblBodyArmor[[#This Row],[phy_spi]]*Sheet1!$B$2 + value*tblBodyArmor[[#This Row],[phy_gra]]*Sheet1!$C$2 ) + tblBodyArmor[[#This Row],[Base_phy]], tblBodyArmor[[#This Row],[Base_phy]] )) -> 12 | T15: =IF(tblBodyArmor[[#This Row],[Name]]="","", IF(AND(Sheet1!$A$2>=tblBodyArmor[[#This Row],[min_cor]], Sheet1!$B$2>=tblBodyArmor[[#This Row],[min_spi]], Sheet1!$C$2>=tblBodyArmor[[#This Row],[min_gra]]), _xlfn.FLOOR.MATH(value*tblBodyArmor[[#This Row],[mag_cor]]*Sheet1!$A$2 + value*tblBodyArmor[[#This Row],[mag_spi]]*Sheet1!$B$2 + value*tblBodyArmor[[#This Row],[mag_gra]]*Sheet1!$C$2) + tblBodyArmor[[#This Row],[Base_mag]], tblBodyArmor[[#This Row],[Base_mag]])) -> 0 | U15: =IF(tblBodyArmor[[#This Row],[Name]]="","", IF(AND(Sheet1!$A$2>=tblBodyArmor[[#This Row],[min_cor]], Sheet1!$B$2>=tblBodyArmor[[#This Row],[min_spi]], Sheet1!$C$2>=tblBodyArmor[[#This Row],[min_gra]]), _xlfn.FLOOR.MATH(value*tblBodyArmor[[#This Row],[sta_cor]]*Sheet1!$A$2 + value*tblBodyArmor[[#This Row],[sta_spi]]*Sheet1!$B$2 + value*tblBodyArmor[[#This Row],[sta_gra]]*Sheet1!$C$2) + tblBodyArmor[[#This Row],[Base_sta]], tblBodyArmor[[#This Row],[Base_sta]])) -> 13 | V15: =IF(tblBodyArmor[[#This Row],[Name]]="","", tblBodyArmor[[#This Row],[phy]]*Sheet1!$E$2 + tblBodyArmor[[#This Row],[mag]]*Sheet1!$F$2 + tblBodyArmor[[#This Row],[sta]]*Sheet1!$G$2) -> 25 | W15: =IF(tblBodyArmor[[#This Row],[Name]]="","", _xlfn.RANK.EQ(tblBodyArmor[[#This Row],[Score]], tblBodyArmor[Score], 0)) -> 5
A16: 特斯伦外套 | B16: TETHREN'S TUNIC | C16: 红手初始 | D16: 5 | E16: 0 | F16: 3 | G16: 1 | M16: 1 | S16: =IF(tblBodyArmor[[#This Row],[Name]]="","", IF( AND( Sheet1!$A$2 >= tblBodyArmor[[#This Row],[min_cor]], Sheet1!$B$2 >= tblBodyArmor[[#This Row],[min_spi]], Sheet1!$C$2 >= tblBodyArmor[[#This Row],[min_gra]] ), _xlfn.FLOOR.MATH( value*tblBodyArmor[[#This Row],[phy_cor]]*Sheet1!$A$2 + value*tblBodyArmor[[#This Row],[phy_spi]]*Sheet1!$B$2 + value*tblBodyArmor[[#This Row],[phy_gra]]*Sheet1!$C$2 ) + tblBodyArmor[[#This Row],[Base_phy]], tblBodyArmor[[#This Row],[Base_phy]] )) -> 5 | T16: =IF(tblBodyArmor[[#This Row],[Name]]="","", IF(AND(Sheet1!$A$2>=tblBodyArmor[[#This Row],[min_cor]], Sheet1!$B$2>=tblBodyArmor[[#This Row],[min_spi]], Sheet1!$C$2>=tblBodyArmor[[#This Row],[min_gra]]), _xlfn.FLOOR.MATH(value*tblBodyArmor[[#This Row],[mag_cor]]*Sheet1!$A$2 + value*tblBodyArmor[[#This Row],[mag_spi]]*Sheet1!$B$2 + value*tblBodyArmor[[#This Row],[mag_gra]]*Sheet1!$C$2) + tblBodyArmor[[#This Row],[Base_mag]], tblBodyArmor[[#This Row],[Base_mag]])) -> 0 | U16: =IF(tblBodyArmor[[#This Row],[Name]]="","", IF(AND(Sheet1!$A$2>=tblBodyArmor[[#This Row],[min_cor]], Sheet1!$B$2>=tblBodyArmor[[#This Row],[min_spi]], Sheet1!$C$2>=tblBodyArmor[[#This Row],[min_gra]]), _xlfn.FLOOR.MATH(value*tblBodyArmor[[#This Row],[sta_cor]]*Sheet1!$A$2 + value*tblBodyArmor[[#This Row],[sta_spi]]*Sheet1!$B$2 + value*tblBodyArmor[[#This Row],[sta_gra]]*Sheet1!$C$2) + tblBodyArmor[[#This Row],[Base_sta]], tblBodyArmor[[#This Row],[Base_sta]])) -> 3 | V16: =IF(tblBodyArmor[[#This Row],[Name]]="","", tblBodyArmor[[#This Row],[phy]]*Sheet1!$E$2 + tblBodyArmor[[#This Row],[mag]]*Sheet1!$F$2 + tblBodyArmor[[#This Row],[sta]]*Sheet1!$G$2) -> 8 | W16: =IF(tblBodyArmor[[#This Row],[Name]]="","", _xlfn.RANK.EQ(tblBodyArmor[[#This Row],[Score]], tblBodyArmor[Score], 0)) -> 17
A17: 雪融保暖服 | B17: THAWTIDE THERMALS | C17: 雪融节 | D17: 5 | E17: 0 | F17: 4 | G17: 2 | I17: 2 | M17: 2 | O17: 2 | R17: 17 | S17: =IF(tblBodyArmor[[#This Row],[Name]]="","", IF( AND( Sheet1!$A$2 >= tblBodyArmor[[#This Row],[min_cor]], Sheet1!$B$2 >= tblBodyArmor[[#This Row],[min_spi]], Sheet1!$C$2 >= tblBodyArmor[[#This Row],[min_gra]] ), _xlfn.FLOOR.MATH( value*tblBodyArmor[[#This Row],[phy_cor]]*Sheet1!$A$2 + value*tblBodyArmor[[#This Row],[phy_spi]]*Sheet1!$B$2 + value*tblBodyArmor[[#This Row],[phy_gra]]*Sheet1!$C$2 ) + tblBodyArmor[[#This Row],[Base_phy]], tblBodyArmor[[#This Row],[Base_phy]] )) -> 16 | T17: =IF(tblBodyArmor[[#This Row],[Name]]="","", IF(AND(Sheet1!$A$2>=tblBodyArmor[[#This Row],[min_cor]], Sheet1!$B$2>=tblBodyArmor[[#This Row],[min_spi]], Sheet1!$C$2>=tblBodyArmor[[#This Row],[min_gra]]), _xlfn.FLOOR.MATH(value*tblBodyArmor[[#This Row],[mag_cor]]*Sheet1!$A$2 + value*tblBodyArmor[[#This Row],[mag_spi]]*Sheet1!$B$2 + value*tblBodyArmor[[#This Row],[mag_gra]]*Sheet1!$C$2) + tblBodyArmor[[#This Row],[Base_mag]], tblBodyArmor[[#This Row],[Base_mag]])) -> 0 | U17: =IF(tblBodyArmor[[#This Row],[Name]]="","", IF(AND(Sheet1!$A$2>=tblBodyArmor[[#This Row],[min_cor]], Sheet1!$B$2>=tblBodyArmor[[#This Row],[min_spi]], Sheet1!$C$2>=tblBodyArmor[[#This Row],[min_gra]]), _xlfn.FLOOR.MATH(value*tblBodyArmor[[#This Row],[sta_cor]]*Sheet1!$A$2 + value*tblBodyArmor[[#This Row],[sta_spi]]*Sheet1!$B$2 + value*tblBodyArmor[[#This Row],[sta_gra]]*Sheet1!$C$2) + tblBodyArmor[[#This Row],[Base_sta]], tblBodyArmor[[#This Row],[Base_sta]])) -> 15 | V17: =IF(tblBodyArmor[[#This Row],[Name]]="","", tblBodyArmor[[#This Row],[phy]]*Sheet1!$E$2 + tblBodyArmor[[#This Row],[mag]]*Sheet1!$F$2 + tblBodyArmor[[#This Row],[sta]]*Sheet1!$G$2) -> 31 | W17: =IF(tblBodyArmor[[#This Row],[Name]]="","", _xlfn.RANK.EQ(tblBodyArmor[[#This Row],[Score]], tblBodyArmor[Score], 0)) -> 4
A18: 巫术师的长袍 | B18: WAZZARD'S ROBES | C18: 器管 | D18: 3 | E18: 5 | F18: 4 | H18: 2 | K18: 3 | N18: 1 | Q18: 22 | S18: =IF(tblBodyArmor[[#This Row],[Name]]="","", IF( AND( Sheet1!$A$2 >= tblBodyArmor[[#This Row],[min_cor]], Sheet1!$B$2 >= tblBodyArmor[[#This Row],[min_spi]], Sheet1!$C$2 >= tblBodyArmor[[#This Row],[min_gra]] ), _xlfn.FLOOR.MATH( value*tblBodyArmor[[#This Row],[phy_cor]]*Sheet1!$A$2 + value*tblBodyArmor[[#This Row],[phy_spi]]*Sheet1!$B$2 + value*tblBodyArmor[[#This Row],[phy_gra]]*Sheet1!$C$2 ) + tblBodyArmor[[#This Row],[Base_phy]], tblBodyArmor[[#This Row],[Base_phy]] )) -> 3 | T18: =IF(tblBodyArmor[[#This Row],[Name]]="","", IF(AND(Sheet1!$A$2>=tblBodyArmor[[#This Row],[min_cor]], Sheet1!$B$2>=tblBodyArmor[[#This Row],[min_spi]], Sheet1!$C$2>=tblBodyArmor[[#This Row],[min_gra]]), _xlfn.FLOOR.MATH(value*tblBodyArmor[[#This Row],[mag_cor]]*Sheet1!$A$2 + value*tblBodyArmor[[#This Row],[mag_spi]]*Sheet1!$B$2 + value*tblBodyArmor[[#This Row],[mag_gra]]*Sheet1!$C$2) + tblBodyArmor[[#This Row],[Base_mag]], tblBodyArmor[[#This Row],[Base_mag]])) -> 5 | U18: =IF(tblBodyArmor[[#This Row],[Name]]="","", IF(AND(Sheet1!$A$2>=tblBodyArmor[[#This Row],[min_cor]], Sheet1!$B$2>=tblBodyArmor[[#This Row],[min_spi]], Sheet1!$C$2>=tblBodyArmor[[#This Row],[min_gra]]), _xlfn.FLOOR.MATH(value*tblBodyArmor[[#This Row],[sta_cor]]*Sheet1!$A$2 + value*tblBodyArmor[[#This Row],[sta_spi]]*Sheet1!$B$2 + value*tblBodyArmor[[#This Row],[sta_gra]]*Sheet1!$C$2) + tblBodyArmor[[#This Row],[Base_sta]], tblBodyArmor[[#This Row],[Base_sta]])) -> 4 | V18: =IF(tblBodyArmor[[#This Row],[Name]]="","", tblBodyArmor[[#This Row],[phy]]*Sheet1!$E$2 + tblBodyArmor[[#This Row],[mag]]*Sheet1!$F$2 + tblBodyArmor[[#This Row],[sta]]*Sheet1!$G$2) -> 12 | W18: =IF(tblBodyArmor[[#This Row],[Name]]="","", _xlfn.RANK.EQ(tblBodyArmor[[#This Row],[Score]], tblBodyArmor[Score], 0)) -> 10
A19: 荒源奥瑟达巫纱 | B19: WYLD OSCELDA PENDELVEIL | C19: 绿手大包 | D19: 3 | E19: 5 | F19: 0 | H19: 2 | K19: 1 | S19: =IF(tblBodyArmor[[#This Row],[Name]]="","", IF( AND( Sheet1!$A$2 >= tblBodyArmor[[#This Row],[min_cor]], Sheet1!$B$2 >= tblBodyArmor[[#This Row],[min_spi]], Sheet1!$C$2 >= tblBodyArmor[[#This Row],[min_gra]] ), _xlfn.FLOOR.MATH( value*tblBodyArmor[[#This Row],[phy_cor]]*Sheet1!$A$2 + value*tblBodyArmor[[#This Row],[phy_spi]]*Sheet1!$B$2 + value*tblBodyArmor[[#This Row],[phy_gra]]*Sheet1!$C$2 ) + tblBodyArmor[[#This Row],[Base_phy]], tblBodyArmor[[#This Row],[Base_phy]] )) -> 4 | T19: =IF(tblBodyArmor[[#This Row],[Name]]="","", IF(AND(Sheet1!$A$2>=tblBodyArmor[[#This Row],[min_cor]], Sheet1!$B$2>=tblBodyArmor[[#This Row],[min_spi]], Sheet1!$C$2>=tblBodyArmor[[#This Row],[min_gra]]), _xlfn.FLOOR.MATH(value*tblBodyArmor[[#This Row],[mag_cor]]*Sheet1!$A$2 + value*tblBodyArmor[[#This Row],[mag_spi]]*Sheet1!$B$2 + value*tblBodyArmor[[#This Row],[mag_gra]]*Sheet1!$C$2) + tblBodyArmor[[#This Row],[Base_mag]], tblBodyArmor[[#This Row],[Base_mag]])) -> 5 | U19: =IF(tblBodyArmor[[#This Row],[Name]]="","", IF(AND(Sheet1!$A$2>=tblBodyArmor[[#This Row],[min_cor]], Sheet1!$B$2>=tblBodyArmor[[#This Row],[min_spi]], Sheet1!$C$2>=tblBodyArmor[[#This Row],[min_gra]]), _xlfn.FLOOR.MATH(value*tblBodyArmor[[#This Row],[sta_cor]]*Sheet1!$A$2 + value*tblBodyArmor[[#This Row],[sta_spi]]*Sheet1!$B$2 + value*tblBodyArmor[[#This Row],[sta_gra]]*Sheet1!$C$2) + tblBodyArmor[[#This Row],[Base_sta]], tblBodyArmor[[#This Row],[Base_sta]])) -> 0 | V19: =IF(tblBodyArmor[[#This Row],[Name]]="","", tblBodyArmor[[#This Row],[phy]]*Sheet1!$E$2 + tblBodyArmor[[#This Row],[mag]]*Sheet1!$F$2 + tblBodyArmor[[#This Row],[sta]]*Sheet1!$G$2) -> 9 | W19: =IF(tblBodyArmor[[#This Row],[Name]]="","", _xlfn.RANK.EQ(tblBodyArmor[[#This Row],[Score]], tblBodyArmor[Score], 0)) -> 15
A20: 荒源西林华服 | B20: WYLD SIRIN FINERY | C20: 蓝手大包 | D20: 4 | E20: 0 | F20: 4 | I20: 2 | O20: 1 | S20: =IF(tblBodyArmor[[#This Row],[Name]]="","", IF( AND( Sheet1!$A$2 >= tblBodyArmor[[#This Row],[min_cor]], Sheet1!$B$2 >= tblBodyArmor[[#This Row],[min_spi]], Sheet1!$C$2 >= tblBodyArmor[[#This Row],[min_gra]] ), _xlfn.FLOOR.MATH( value*tblBodyArmor[[#This Row],[phy_cor]]*Sheet1!$A$2 + value*tblBodyArmor[[#This Row],[phy_spi]]*Sheet1!$B$2 + value*tblBodyArmor[[#This Row],[phy_gra]]*Sheet1!$C$2 ) + tblBodyArmor[[#This Row],[Base_phy]], tblBodyArmor[[#This Row],[Base_phy]] )) -> 13 | T20: =IF(tblBodyArmor[[#This Row],[Name]]="","", IF(AND(Sheet1!$A$2>=tblBodyArmor[[#This Row],[min_cor]], Sheet1!$B$2>=tblBodyArmor[[#This Row],[min_spi]], Sheet1!$C$2>=tblBodyArmor[[#This Row],[min_gra]]), _xlfn.FLOOR.MATH(value*tblBodyArmor[[#This Row],[mag_cor]]*Sheet1!$A$2 + value*tblBodyArmor[[#This Row],[mag_spi]]*Sheet1!$B$2 + value*tblBodyArmor[[#This Row],[mag_gra]]*Sheet1!$C$2) + tblBodyArmor[[#This Row],[Base_mag]], tblBodyArmor[[#This Row],[Base_mag]])) -> 0 | U20: =IF(tblBodyArmor[[#This Row],[Name]]="","", IF(AND(Sheet1!$A$2>=tblBodyArmor[[#This Row],[min_cor]], Sheet1!$B$2>=tblBodyArmor[[#This Row],[min_spi]], Sheet1!$C$2>=tblBodyArmor[[#This Row],[min_gra]]), _xlfn.FLOOR.MATH(value*tblBodyArmor[[#This Row],[sta_cor]]*Sheet1!$A$2 + value*tblBodyArmor[[#This Row],[sta_spi]]*Sheet1!$B$2 + value*tblBodyArmor[[#This Row],[sta_gra]]*Sheet1!$C$2) + tblBodyArmor[[#This Row],[Base_sta]], tblBodyArmor[[#This Row],[Base_sta]])) -> 8 | V20: =IF(tblBodyArmor[[#This Row],[Name]]="","", tblBodyArmor[[#This Row],[phy]]*Sheet1!$E$2 + tblBodyArmor[[#This Row],[mag]]*Sheet1!$F$2 + tblBodyArmor[[#This Row],[sta]]*Sheet1!$G$2) -> 21 | W20: =IF(tblBodyArmor[[#This Row],[Name]]="","", _xlfn.RANK.EQ(tblBodyArmor[[#This Row],[Score]], tblBodyArmor[Score], 0)) -> 6
A21: 荒源特斯伦独战士之盾 | B21: WYLD TETHREN SOLIST SHIELD | C21: 红手大包 | D21: 5 | E21: 0 | F21: 3 | G21: 2 | M21: 1 | S21: =IF(tblBodyArmor[[#This Row],[Name]]="","", IF( AND( Sheet1!$A$2 >= tblBodyArmor[[#This Row],[min_cor]], Sheet1!$B$2 >= tblBodyArmor[[#This Row],[min_spi]], Sheet1!$C$2 >= tblBodyArmor[[#This Row],[min_gra]] ), _xlfn.FLOOR.MATH( value*tblBodyArmor[[#This Row],[phy_cor]]*Sheet1!$A$2 + value*tblBodyArmor[[#This Row],[phy_spi]]*Sheet1!$B$2 + value*tblBodyArmor[[#This Row],[phy_gra]]*Sheet1!$C$2 ) + tblBodyArmor[[#This Row],[Base_phy]], tblBodyArmor[[#This Row],[Base_phy]] )) -> 6 | T21: =IF(tblBodyArmor[[#This Row],[Name]]="","", IF(AND(Sheet1!$A$2>=tblBodyArmor[[#This Row],[min_cor]], Sheet1!$B$2>=tblBodyArmor[[#This Row],[min_spi]], Sheet1!$C$2>=tblBodyArmor[[#This Row],[min_gra]]), _xlfn.FLOOR.MATH(value*tblBodyArmor[[#This Row],[mag_cor]]*Sheet1!$A$2 + value*tblBodyArmor[[#This Row],[mag_spi]]*Sheet1!$B$2 + value*tblBodyArmor[[#This Row],[mag_gra]]*Sheet1!$C$2) + tblBodyArmor[[#This Row],[Base_mag]], tblBodyArmor[[#This Row],[Base_mag]])) -> 0 | U21: =IF(tblBodyArmor[[#This Row],[Name]]="","", IF(AND(Sheet1!$A$2>=tblBodyArmor[[#This Row],[min_cor]], Sheet1!$B$2>=tblBodyArmor[[#This Row],[min_spi]], Sheet1!$C$2>=tblBodyArmor[[#This Row],[min_gra]]), _xlfn.FLOOR.MATH(value*tblBodyArmor[[#This Row],[sta_cor]]*Sheet1!$A$2 + value*tblBodyArmor[[#This Row],[sta_spi]]*Sheet1!$B$2 + value*tblBodyArmor[[#This Row],[sta_gra]]*Sheet1!$C$2) + tblBodyArmor[[#This Row],[Base_sta]], tblBodyArmor[[#This Row],[Base_sta]])) -> 3 | V21: =IF(tblBodyArmor[[#This Row],[Name]]="","", tblBodyArmor[[#This Row],[phy]]*Sheet1!$E$2 + tblBodyArmor[[#This Row],[mag]]*Sheet1!$F$2 + tblBodyArmor[[#This Row],[sta]]*Sheet1!$G$2) -> 9 | W21: =IF(tblBodyArmor[[#This Row],[Name]]="","", _xlfn.RANK.EQ(tblBodyArmor[[#This Row],[Score]], tblBodyArmor[Score], 0)) -> 15

Sheet boots
A1: Name | B1: eng | C1: Drop | D1: Base_phy | E1: Base_mag | F1: Base_sta | G1: phy_cor | H1: phy_spi | I1: phy_gra | J1: mag_cor | K1: mag_spi | L1: mag_gra | M1: sta_cor | N1: sta_spi | O1: sta_gra | P1: min_cor | Q1: min_spi | R1: min_gra | S1: phy | T1: mag | U1: sta | V1: Score | W1: Rank
A2: 承种者绑腿 | B2: ARBEARER'S BRAES | C2: 南瓜人 | D2: 5 | E2: 1 | F2: 4 | G2: 3 | J2: 1 | M2: 2 | P2: 22 | S2: =IF(tblBoots[[#This Row],[Name]]="","", IF( AND( Sheet1!$A$2 >= tblBoots[[#This Row],[min_cor]], Sheet1!$B$2 >= tblBoots[[#This Row],[min_spi]], Sheet1!$C$2 >= tblBoots[[#This Row],[min_gra]] ), _xlfn.FLOOR.MATH( value*tblBoots[[#This Row],[phy_cor]]*Sheet1!$A$2 + value*tblBoots[[#This Row],[phy_spi]]*Sheet1!$B$2 + value*tblBoots[[#This Row],[phy_gra]]*Sheet1!$C$2 ) + tblBoots[[#This Row],[Base_phy]], tblBoots[[#This Row],[Base_phy]] )) -> 5 | T2: =IF(tblBoots[[#This Row],[Name]]="","", IF(AND(Sheet1!$A$2>=tblBoots[[#This Row],[min_cor]], Sheet1!$B$2>=tblBoots[[#This Row],[min_spi]], Sheet1!$C$2>=tblBoots[[#This Row],[min_gra]]), _xlfn.FLOOR.MATH(value*tblBoots[[#This Row],[mag_cor]]*Sheet1!$A$2 + value*tblBoots[[#This Row],[mag_spi]]*Sheet1!$B$2 + value*tblBoots[[#This Row],[mag_gra]]*Sheet1!$C$2) + tblBoots[[#This Row],[Base_mag]], tblBoots[[#This Row],[Base_mag]])) -> 1 | U2: =IF(tblBoots[[#This Row],[Name]]="","", IF(AND(Sheet1!$A$2>=tblBoots[[#This Row],[min_cor]], Sheet1!$B$2>=tblBoots[[#This Row],[min_spi]], Sheet1!$C$2>=tblBoots[[#This Row],[min_gra]]), _xlfn.FLOOR.MATH(value*tblBoots[[#This Row],[sta_cor]]*Sheet1!$A$2 + value*tblBoots[[#This Row],[sta_spi]]*Sheet1!$B$2 + value*tblBoots[[#This Row],[sta_gra]]*Sheet1!$C$2) + tblBoots[[#This Row],[Base_sta]], tblBoots[[#This Row],[Base_sta]])) -> 4 | V2: =IF(tblBoots[[#This Row],[Name]]="","", tblBoots[[#This Row],[phy]]*Sheet1!$E$2 + tblBoots[[#This Row],[mag]]*Sheet1!$F$2 + tblBoots[[#This Row],[sta]]*Sheet1!$G$2) -> 10 | W2: =IF(tblBoots[[#This Row],[Name]]="","", _xlfn.RANK.EQ(tblBoots[[#This Row],[Score]], tblBoots[Score], 0)) -> 9
A3: 凯瑟德护胫 | B3: CIRCADE'S GREAVES | C3: 墓穴解密 | D3: 5 | E3: 0 | F3: 3 | G3: 3 | M3: 2 | P3: 14 | S3: =IF(tblBoots[[#This Row],[Name]]="","", IF( AND( Sheet1!$A$2 >= tblBoots[[#This Row],[min_cor]], Sheet1!$B$2 >= tblBoots[[#This Row],[min_spi]], Sheet1!$C$2 >= tblBoots[[#This Row],[min_gra]] ), _xlfn.FLOOR.MATH( value*tblBoots[[#This Row],[phy_cor]]*Sheet1!$A$2 + value*tblBoots[[#This Row],[phy_spi]]*Sheet1!$B$2 + value*tblBoots[[#This Row],[phy_gra]]*Sheet1!$C$2 ) + tblBoots[[#This Row],[Base_phy]], tblBoots[[#This Row],[Base_phy]] )) -> 5 | T3: =IF(tblBoots[[#This Row],[Name]]="","", IF(AND(Sheet1!$A$2>=tblBoots[[#This Row],[min_cor]], Sheet1!$B$2>=tblBoots[[#This Row],[min_spi]], Sheet1!$C$2>=tblBoots[[#This Row],[min_gra]]), _xlfn.FLOOR.MATH(value*tblBoots[[#This Row],[mag_cor]]*Sheet1!$A$2 + value*tblBoots[[#This Row],[mag_spi]]*Sheet1!$B$2 + value*tblBoots[[#This Row],[mag_gra]]*Sheet1!$C$2) + tblBoots[[#This Row],[Base_mag]], tblBoots[[#This Row],[Base_mag]])) -> 0 | U3: =IF(tblBoots[[#This Row],[Name]]="","", IF(AND(Sheet1!$A$2>=tblBoots[[#This Row],[min_cor]], Sheet1!$B$2>=tblBoots[[#This Row],[min_spi]], Sheet1!$C$2>=tblBoots[[#This Row],[min_gra]]), _xlfn.FLOOR.MATH(value*tblBoots[[#This Row],[sta_cor]]*Sheet1!$A$2 + value*tblBoots[[#This Row],[sta_spi]]*Sheet1!$B$2 + value*tblBoots[[#This Row],[sta_gra]]*Sheet1!$C$2) + tblBoots[[#This Row],[Base_sta]], tblBoots[[#This Row],[Base_sta]])) -> 3 | V3: =IF(tblBoots[[#This Row],[Name]]="","", tblBoots[[#This Row],[phy]]*Sheet1!$E$2 + tblBoots[[#This Row],[mag]]*Sheet1!$F$2 + tblBoots[[#This Row],[sta]]*Sheet1!$G$2) -> 8 | W3: =IF(tblBoots[[#This Row],[Name]]="","", _xlfn.RANK.EQ(tblBoots[[#This Row],[Score]], tblBoots[Score], 0)) -> 11
A4: 烈火之王战裙 | B4: FIRE KING'S KILT | C4: 集团 | D4: 3 | E4: 2 | F4: 2 | G4: 2 | I4: 2 | J4: 1 | M4: 1 | O4: 2 | P4: 15 | S4: =IF(tblBoots[[#This Row],[Name]]="","", IF( AND( Sheet1!$A$2 >= tblBoots[[#This Row],[min_cor]], Sheet1!$B$2 >= tblBoots[[#This Row],[min_spi]], Sheet1!$C$2 >= tblBoots[[#This Row],[min_gra]] ), _xlfn.FLOOR.MATH( value*tblBoots[[#This Row],[phy_cor]]*Sheet1!$A$2 + value*tblBoots[[#This Row],[phy_spi]]*Sheet1!$B$2 + value*tblBoots[[#This Row],[phy_gra]]*Sheet1!$C$2 ) + tblBoots[[#This Row],[Base_phy]], tblBoots[[#This Row],[Base_phy]] )) -> 3 | T4: =IF(tblBoots[[#This Row],[Name]]="","", IF(AND(Sheet1!$A$2>=tblBoots[[#This Row],[min_cor]], Sheet1!$B$2>=tblBoots[[#This Row],[min_spi]], Sheet1!$C$2>=tblBoots[[#This Row],[min_gra]]), _xlfn.FLOOR.MATH(value*tblBoots[[#This Row],[mag_cor]]*Sheet1!$A$2 + value*tblBoots[[#This Row],[mag_spi]]*Sheet1!$B$2 + value*tblBoots[[#This Row],[mag_gra]]*Sheet1!$C$2) + tblBoots[[#This Row],[Base_mag]], tblBoots[[#This Row],[Base_mag]])) -> 2 | U4: =IF(tblBoots[[#This Row],[Name]]="","", IF(AND(Sheet1!$A$2>=tblBoots[[#This Row],[min_cor]], Sheet1!$B$2>=tblBoots[[#This Row],[min_spi]], Sheet1!$C$2>=tblBoots[[#This Row],[min_gra]]), _xlfn.FLOOR.MATH(value*tblBoots[[#This Row],[sta_cor]]*Sheet1!$A$2 + value*tblBoots[[#This Row],[sta_spi]]*Sheet1!$B$2 + value*tblBoots[[#This Row],[sta_gra]]*Sheet1!$C$2) + tblBoots[[#This Row],[Base_sta]], tblBoots[[#This Row],[Base_sta]])) -> 2 | V4: =IF(tblBoots[[#This Row],[Name]]="","", tblBoots[[#This Row],[phy]]*Sheet1!$E$2 + tblBoots[[#This Row],[mag]]*Sheet1!$F$2 + tblBoots[[#This Row],[sta]]*Sheet1!$G$2) -> 7 | W4: =IF(tblBoots[[#This Row],[Name]]="","", _xlfn.RANK.EQ(tblBoots[[#This Row],[Score]], tblBoots[Score], 0)) -> 14
A5: 忘焰绑腿 | B5: FORGETFIRE BRAES | C5: 集团 | D5: 3 | E5: 0 | F5: 3 | G5: 2 | M5: 2 | P5: 12 | S5: =IF(tblBoots[[#This Row],[Name]]="","", IF( AND( Sheet1!$A$2 >= tblBoots[[#This Row],[min_cor]], Sheet1!$B$2 >= tblBoots[[#This Row],[min_spi]], Sheet1!$C$2 >= tblBoots[[#This Row],[min_gra]] ), _xlfn.FLOOR.MATH( value*tblBoots[[#This Row],[phy_cor]]*Sheet1!$A$2 + value*tblBoots[[#This Row],[phy_spi]]*Sheet1!$B$2 + value*tblBoots[[#This Row],[phy_gra]]*Sheet1!$C$2 ) + tblBoots[[#This Row],[Base_phy]], tblBoots[[#This Row],[Base_phy]] )) -> 3 | T5: =IF(tblBoots[[#This Row],[Name]]="","", IF(AND(Sheet1!$A$2>=tblBoots[[#This Row],[min_cor]], Sheet1!$B$2>=tblBoots[[#This Row],[min_spi]], Sheet1!$C$2>=tblBoots[[#This Row],[min_gra]]), _xlfn.FLOOR.MATH(value*tblBoots[[#This Row],[mag_cor]]*Sheet1!$A$2 + value*tblBoots[[#This Row],[mag_spi]]*Sheet1!$B$2 + value*tblBoots[[#This Row],[mag_gra]]*Sheet1!$C$2) + tblBoots[[#This Row],[Base_mag]], tblBoots[[#This Row],[Base_mag]])) -> 0 | U5: =IF(tblBoots[[#This Row],[Name]]="","", IF(AND(Sheet1!$A$2>=tblBoots[[#This Row],[min_cor]], Sheet1!$B$2>=tblBoots[[#This Row],[min_spi]], Sheet1!$C$2>=tblBoots[[#This Row],[min_gra]]), _xlfn.FLOOR.MATH(value*tblBoots[[#This Row],[sta_cor]]*Sheet1!$A$2 + value*tblBoots[[#This Row],[sta_spi]]*Sheet1!$B$2 + value*tblBoots[[#This Row],[sta_gra]]*Sheet1!$C$2) + tblBoots[[#This Row],[Base_sta]], tblBoots[[#This Row],[Base_sta]])) -> 3 | V5: =IF(tblBoots[[#This Row],[Name]]="","", tblBoots[[#This Row],[phy]]*Sheet1!$E$2 + tblBoots[[#This Row],[mag]]*Sheet1!$F$2 + tblBoots[[#This Row],[sta]]*Sheet1!$G$2) -> 6 | W5: =IF(tblBoots[[#This Row],[Name]]="","", _xlfn.RANK.EQ(tblBoots[[#This Row],[Score]], tblBoots[Score], 0)) -> 16
A6: 被遗忘的破布 | B6: FORSAKEN RAGS | C6: 初始 | D6: 0 | E6: 0 | F6: 0 | S6: =IF(tblBoots[[#This Row],[Name]]="","", IF( AND( Sheet1!$A$2 >= tblBoots[[#This Row],[min_cor]], Sheet1!$B$2 >= tblBoots[[#This Row],[min_spi]], Sheet1!$C$2 >= tblBoots[[#This Row],[min_gra]] ), _xlfn.FLOOR.MATH( value*tblBoots[[#This Row],[phy_cor]]*Sheet1!$A$2 + value*tblBoots[[#This Row],[phy_spi]]*Sheet1!$B$2 + value*tblBoots[[#This Row],[phy_gra]]*Sheet1!$C$2 ) + tblBoots[[#This Row],[Base_phy]], tblBoots[[#This Row],[Base_phy]] )) -> 0 | T6: =IF(tblBoots[[#This Row],[Name]]="","", IF(AND(Sheet1!$A$2>=tblBoots[[#This Row],[min_cor]], Sheet1!$B$2>=tblBoots[[#This Row],[min_spi]], Sheet1!$C$2>=tblBoots[[#This Row],[min_gra]]), _xlfn.FLOOR.MATH(value*tblBoots[[#This Row],[mag_cor]]*Sheet1!$A$2 + value*tblBoots[[#This Row],[mag_spi]]*Sheet1!$B$2 + value*tblBoots[[#This Row],[mag_gra]]*Sheet1!$C$2) + tblBoots[[#This Row],[Base_mag]], tblBoots[[#This Row],[Base_mag]])) -> 0 | U6: =IF(tblBoots[[#This Row],[Name]]="","", IF(AND(Sheet1!$A$2>=tblBoots[[#This Row],[min_cor]], Sheet1!$B$2>=tblBoots[[#This Row],[min_spi]], Sheet1!$C$2>=tblBoots[[#This Row],[min_gra]]), _xlfn.FLOOR.MATH(value*tblBoots[[#This Row],[sta_cor]]*Sheet1!$A$2 + value*tblBoots[[#This Row],[sta_spi]]*Sheet1!$B$2 + value*tblBoots[[#This Row],[sta_gra]]*Sheet1!$C$2) + tblBoots[[#This Row],[Base_sta]], tblBoots[[#This Row],[Base_sta]])) -> 0 | V6: =IF(tblBoots[[#This Row],[Name]]="","", tblBoots[[#This Row],[phy]]*Sheet1!$E$2 + tblBoots[[#This Row],[mag]]*Sheet1!$F$2 + tblBoots[[#This Row],[sta]]*Sheet1!$G$2) -> 0 | W6: =IF(tblBoots[[#This Row],[Name]]="","", _xlfn.RANK.EQ(tblBoots[[#This Row],[Score]], tblBoots[Score], 0)) -> 20
A7: 加伦之分蹄靴裤 | B7: GARREN'S CLOVEN HOSEN | C7: 鹿 | D7: 3 | E7: 2 | F7: 3 | H7: 1 | I7: 2 | K7: 2 | L7: 1 | N7: 1 | O7: 2 | R7: 15 | S7: =IF(tblBoots[[#This Row],[Name]]="","", IF( AND( Sheet1!$A$2 >= tblBoots[[#This Row],[min_cor]], Sheet1!$B$2 >= tblBoots[[#This Row],[min_spi]], Sheet1!$C$2 >= tblBoots[[#This Row],[min_gra]] ), _xlfn.FLOOR.MATH( value*tblBoots[[#This Row],[phy_cor]]*Sheet1!$A$2 + value*tblBoots[[#This Row],[phy_spi]]*Sheet1!$B$2 + value*tblBoots[[#This Row],[phy_gra]]*Sheet1!$C$2 ) + tblBoots[[#This Row],[Base_phy]], tblBoots[[#This Row],[Base_phy]] )) -> 12 | T7: =IF(tblBoots[[#This Row],[Name]]="","", IF(AND(Sheet1!$A$2>=tblBoots[[#This Row],[min_cor]], Sheet1!$B$2>=tblBoots[[#This Row],[min_spi]], Sheet1!$C$2>=tblBoots[[#This Row],[min_gra]]), _xlfn.FLOOR.MATH(value*tblBoots[[#This Row],[mag_cor]]*Sheet1!$A$2 + value*tblBoots[[#This Row],[mag_spi]]*Sheet1!$B$2 + value*tblBoots[[#This Row],[mag_gra]]*Sheet1!$C$2) + tblBoots[[#This Row],[Base_mag]], tblBoots[[#This Row],[Base_mag]])) -> 8 | U7: =IF(tblBoots[[#This Row],[Name]]="","", IF(AND(Sheet1!$A$2>=tblBoots[[#This Row],[min_cor]], Sheet1!$B$2>=tblBoots[[#This Row],[min_spi]], Sheet1!$C$2>=tblBoots[[#This Row],[min_gra]]), _xlfn.FLOOR.MATH(value*tblBoots[[#This Row],[sta_cor]]*Sheet1!$A$2 + value*tblBoots[[#This Row],[sta_spi]]*Sheet1!$B$2 + value*tblBoots[[#This Row],[sta_gra]]*Sheet1!$C$2) + tblBoots[[#This Row],[Base_sta]], tblBoots[[#This Row],[Base_sta]])) -> 12 | V7: =IF(tblBoots[[#This Row],[Name]]="","", tblBoots[[#This Row],[phy]]*Sheet1!$E$2 + tblBoots[[#This Row],[mag]]*Sheet1!$F$2 + tblBoots[[#This Row],[sta]]*Sheet1!$G$2) -> 32 | W7: =IF(tblBoots[[#This Row],[Name]]="","", _xlfn.RANK.EQ(tblBoots[[#This Row],[Score]], tblBoots[Score], 0)) -> 2
A8: 苦行者国王圣靴 | B8: MENDICANT KING'S SABATONS | C8: 乞王 | D8: 4 | E8: 2 | F8: 4 | G8: 3 | H8: 1 | J8: 1 | K8: 2 | M8: 1 | N8: 1 | P8: 20 | S8: =IF(tblBoots[[#This Row],[Name]]="","", IF( AND( Sheet1!$A$2 >= tblBoots[[#This Row],[min_cor]], Sheet1!$B$2 >= tblBoots[[#This Row],[min_spi]], Sheet1!$C$2 >= tblBoots[[#This Row],[min_gra]] ), _xlfn.FLOOR.MATH( value*tblBoots[[#This Row],[phy_cor]]*Sheet1!$A$2 + value*tblBoots[[#This Row],[phy_spi]]*Sheet1!$B$2 + value*tblBoots[[#This Row],[phy_gra]]*Sheet1!$C$2 ) + tblBoots[[#This Row],[Base_phy]], tblBoots[[#This Row],[Base_phy]] )) -> 4 | T8: =IF(tblBoots[[#This Row],[Name]]="","", IF(AND(Sheet1!$A$2>=tblBoots[[#This Row],[min_cor]], Sheet1!$B$2>=tblBoots[[#This Row],[min_spi]], Sheet1!$C$2>=tblBoots[[#This Row],[min_gra]]), _xlfn.FLOOR.MATH(value*tblBoots[[#This Row],[mag_cor]]*Sheet1!$A$2 + value*tblBoots[[#This Row],[mag_spi]]*Sheet1!$B$2 + value*tblBoots[[#This Row],[mag_gra]]*Sheet1!$C$2) + tblBoots[[#This Row],[Base_mag]], tblBoots[[#This Row],[Base_mag]])) -> 2 | U8: =IF(tblBoots[[#This Row],[Name]]="","", IF(AND(Sheet1!$A$2>=tblBoots[[#This Row],[min_cor]], Sheet1!$B$2>=tblBoots[[#This Row],[min_spi]], Sheet1!$C$2>=tblBoots[[#This Row],[min_gra]]), _xlfn.FLOOR.MATH(value*tblBoots[[#This Row],[sta_cor]]*Sheet1!$A$2 + value*tblBoots[[#This Row],[sta_spi]]*Sheet1!$B$2 + value*tblBoots[[#This Row],[sta_gra]]*Sheet1!$C$2) + tblBoots[[#This Row],[Base_sta]], tblBoots[[#This Row],[Base_sta]])) -> 4 | V8: =IF(tblBoots[[#This Row],[Name]]="","", tblBoots[[#This Row],[phy]]*Sheet1!$E$2 + tblBoots[[#This Row],[mag]]*Sheet1!$F$2 + tblBoots[[#This Row],[sta]]*Sheet1!$G$2) -> 10 | W8: =IF(tblBoots[[#This Row],[Name]]="","", _xlfn.RANK.EQ(tblBoots[[#This Row],[Score]], tblBoots[Score], 0)) -> 9
A9: 嘲魂绑腿 | B9: MONCKERY DOUTHROT | C9: 三重 | D9: 4 | E9: 4 | F9: 2 | H9: 2 | I9: 1 | K9: 2 | L9: 1 | N9: 1 | O9: 2 | R9: 20 | S9: =IF(tblBoots[[#This Row],[Name]]="","", IF( AND( Sheet1!$A$2 >= tblBoots[[#This Row],[min_cor]], Sheet1!$B$2 >= tblBoots[[#This Row],[min_spi]], Sheet1!$C$2 >= tblBoots[[#This Row],[min_gra]] ), _xlfn.FLOOR.MATH( value*tblBoots[[#This Row],[phy_cor]]*Sheet1!$A$2 + value*tblBoots[[#This Row],[phy_spi]]*Sheet1!$B$2 + value*tblBoots[[#This Row],[phy_gra]]*Sheet1!$C$2 ) + tblBoots[[#This Row],[Base_phy]], tblBoots[[#This Row],[Base_phy]] )) -> 10 | T9: =IF(tblBoots[[#This Row],[Name]]="","", IF(AND(Sheet1!$A$2>=tblBoots[[#This Row],[min_cor]], Sheet1!$B$2>=tblBoots[[#This Row],[min_spi]], Sheet1!$C$2>=tblBoots[[#This Row],[min_gra]]), _xlfn.FLOOR.MATH(value*tblBoots[[#This Row],[mag_cor]]*Sheet1!$A$2 + value*tblBoots[[#This Row],[mag_spi]]*Sheet1!$B$2 + value*tblBoots[[#This Row],[mag_gra]]*Sheet1!$C$2) + tblBoots[[#This Row],[Base_mag]], tblBoots[[#This Row],[Base_mag]])) -> 10 | U9: =IF(tblBoots[[#This Row],[Name]]="","", IF(AND(Sheet1!$A$2>=tblBoots[[#This Row],[min_cor]], Sheet1!$B$2>=tblBoots[[#This Row],[min_spi]], Sheet1!$C$2>=tblBoots[[#This Row],[min_gra]]), _xlfn.FLOOR.MATH(value*tblBoots[[#This Row],[sta_cor]]*Sheet1!$A$2 + value*tblBoots[[#This Row],[sta_spi]]*Sheet1!$B$2 + value*tblBoots[[#This Row],[sta_gra]]*Sheet1!$C$2) + tblBoots[[#This Row],[Base_sta]], tblBoots[[#This Row],[Base_sta]])) -> 11 | V9: =IF(tblBoots[[#This Row],[Name]]="","", tblBoots[[#This Row],[phy]]*Sheet1!$E$2 + tblBoots[[#This Row],[mag]]*Sheet1!$F$2 + tblBoots[[#This Row],[sta]]*Sheet1!$G$2) -> 31 | W9: =IF(tblBoots[[#This Row],[Name]]="","", _xlfn.RANK.EQ(tblBoots[[#This Row],[Score]], tblBoots[Score], 0)) -> 3
A10: 奥伦加护胫 | B10: ORENGALL'S GREAVES | C10: 集团 | D10: 4 | E10: 3 | F10: 3 | G10: 1 | I10: 3 | J10: 1 | L10: 1 | O10: 3 | R10: 20 | S10: =IF(tblBoots[[#This Row],[Name]]="","", IF( AND( Sheet1!$A$2 >= tblBoots[[#This Row],[min_cor]], Sheet1!$B$2 >= tblBoots[[#This Row],[min_spi]], Sheet1!$C$2 >= tblBoots[[#This Row],[min_gra]] ), _xlfn.FLOOR.MATH( value*tblBoots[[#This Row],[phy_cor]]*Sheet1!$A$2 + value*tblBoots[[#This Row],[phy_spi]]*Sheet1!$B$2 + value*tblBoots[[#This Row],[phy_gra]]*Sheet1!$C$2 ) + tblBoots[[#This Row],[Base_phy]], tblBoots[[#This Row],[Base_phy]] )) -> 18 | T10: =IF(tblBoots[[#This Row],[Name]]="","", IF(AND(Sheet1!$A$2>=tblBoots[[#This Row],[min_cor]], Sheet1!$B$2>=tblBoots[[#This Row],[min_spi]], Sheet1!$C$2>=tblBoots[[#This Row],[min_gra]]), _xlfn.FLOOR.MATH(value*tblBoots[[#This Row],[mag_cor]]*Sheet1!$A$2 + value*tblBoots[[#This Row],[mag_spi]]*Sheet1!$B$2 + value*tblBoots[[#This Row],[mag_gra]]*Sheet1!$C$2) + tblBoots[[#This Row],[Base_mag]], tblBoots[[#This Row],[Base_mag]])) -> 8 | U10: =IF(tblBoots[[#This Row],[Name]]="","", IF(AND(Sheet1!$A$2>=tblBoots[[#This Row],[min_cor]], Sheet1!$B$2>=tblBoots[[#This Row],[min_spi]], Sheet1!$C$2>=tblBoots[[#This Row],[min_gra]]), _xlfn.FLOOR.MATH(value*tblBoots[[#This Row],[sta_cor]]*Sheet1!$A$2 + value*tblBoots[[#This Row],[sta_spi]]*Sheet1!$B$2 + value*tblBoots[[#This Row],[sta_gra]]*Sheet1!$C$2) + tblBoots[[#This Row],[Base_sta]], tblBoots[[#This Row],[Base_sta]])) -> 16 | V10: =IF(tblBoots[[#This Row],[Name]]="","", tblBoots[[#This Row],[phy]]*Sheet1!$E$2 + tblBoots[[#This Row],[mag]]*Sheet1!$F$2 + tblBoots[[#This Row],[sta]]*Sheet1!$G$2) -> 42 | W10: =IF(tblBoots[[#This Row],[Name]]="","", _xlfn.RANK.EQ(tblBoots[[#This Row],[Score]], tblBoots[Score], 0)) -> 1
A11: 奥瑟达羽带 | B11: OSCELDA'S FEATHERBINDS | C11: 绿手初始 | D11: 2 | E11: 4 | F11: 0 | H11: 1 | K11: 1 | S11: =IF(tblBoots[[#This Row],[Name]]="","", IF( AND( Sheet1!$A$2 >= tblBoots[[#This Row],[min_cor]], Sheet1!$B$2 >= tblBoots[[#This Row],[min_spi]], Sheet1!$C$2 >= tblBoots[[#This Row],[min_gra]] ), _xlfn.FLOOR.MATH( value*tblBoots[[#This Row],[phy_cor]]*Sheet1!$A$2 + value*tblBoots[[#This Row],[phy_spi]]*Sheet1!$B$2 + value*tblBoots[[#This Row],[phy_gra]]*Sheet1!$C$2 ) + tblBoots[[#This Row],[Base_phy]], tblBoots[[#This Row],[Base_phy]] )) -> 2 | T11: =IF(tblBoots[[#This Row],[Name]]="","", IF(AND(Sheet1!$A$2>=tblBoots[[#This Row],[min_cor]], Sheet1!$B$2>=tblBoots[[#This Row],[min_spi]], Sheet1!$C$2>=tblBoots[[#This Row],[min_gra]]), _xlfn.FLOOR.MATH(value*tblBoots[[#This Row],[mag_cor]]*Sheet1!$A$2 + value*tblBoots[[#This Row],[mag_spi]]*Sheet1!$B$2 + value*tblBoots[[#This Row],[mag_gra]]*Sheet1!$C$2) + tblBoots[[#This Row],[Base_mag]], tblBoots[[#This Row],[Base_mag]])) -> 4 | U11: =IF(tblBoots[[#This Row],[Name]]="","", IF(AND(Sheet1!$A$2>=tblBoots[[#This Row],[min_cor]], Sheet1!$B$2>=tblBoots[[#This Row],[min_spi]], Sheet1!$C$2>=tblBoots[[#This Row],[min_gra]]), _xlfn.FLOOR.MATH(value*tblBoots[[#This Row],[sta_cor]]*Sheet1!$A$2 + value*tblBoots[[#This Row],[sta_spi]]*Sheet1!$B$2 + value*tblBoots[[#This Row],[sta_gra]]*Sheet1!$C$2) + tblBoots[[#This Row],[Base_sta]], tblBoots[[#This Row],[Base_sta]])) -> 0 | V11: =IF(tblBoots[[#This Row],[Name]]="","", tblBoots[[#This Row],[phy]]*Sheet1!$E$2 + tblBoots[[#This Row],[mag]]*Sheet1!$F$2 + tblBoots[[#This Row],[sta]]*Sheet1!$G$2) -> 6 | W11: =IF(tblBoots[[#This Row],[Name]]="","", _xlfn.RANK.EQ(tblBoots[[#This Row],[Score]], tblBoots[Score], 0)) -> 16
A12: 摄政布甲 | B12: REGENT'S DRAPERY | C12: 集团 | D12: 4 | E12: 2 | F12: 2 | G12: 2 | H12: 2 | J12: 1 | K12: 2 | M12: 2 | P12: 15 | S12: =IF(tblBoots[[#This Row],[Name]]="","", IF( AND( Sheet1!$A$2 >= tblBoots[[#This Row],[min_cor]], Sheet1!$B$2 >= tblBoots[[#This Row],[min_spi]], Sheet1!$C$2 >= tblBoots[[#This Row],[min_gra]] ), _xlfn.FLOOR.MATH( value*tblBoots[[#This Row],[phy_cor]]*Sheet1!$A$2 + value*tblBoots[[#This Row],[phy_spi]]*Sheet1!$B$2 + value*tblBoots[[#This Row],[phy_gra]]*Sheet1!$C$2 ) + tblBoots[[#This Row],[Base_phy]], tblBoots[[#This Row],[Base_phy]] )) -> 4 | T12: =IF(tblBoots[[#This Row],[Name]]="","", IF(AND(Sheet1!$A$2>=tblBoots[[#This Row],[min_cor]], Sheet1!$B$2>=tblBoots[[#This Row],[min_spi]], Sheet1!$C$2>=tblBoots[[#This Row],[min_gra]]), _xlfn.FLOOR.MATH(value*tblBoots[[#This Row],[mag_cor]]*Sheet1!$A$2 + value*tblBoots[[#This Row],[mag_spi]]*Sheet1!$B$2 + value*tblBoots[[#This Row],[mag_gra]]*Sheet1!$C$2) + tblBoots[[#This Row],[Base_mag]], tblBoots[[#This Row],[Base_mag]])) -> 2 | U12: =IF(tblBoots[[#This Row],[Name]]="","", IF(AND(Sheet1!$A$2>=tblBoots[[#This Row],[min_cor]], Sheet1!$B$2>=tblBoots[[#This Row],[min_spi]], Sheet1!$C$2>=tblBoots[[#This Row],[min_gra]]), _xlfn.FLOOR.MATH(value*tblBoots[[#This Row],[sta_cor]]*Sheet1!$A$2 + value*tblBoots[[#This Row],[sta_spi]]*Sheet1!$B$2 + value*tblBoots[[#This Row],[sta_gra]]*Sheet1!$C$2) + tblBoots[[#This Row],[Base_sta]], tblBoots[[#This Row],[Base_sta]])) -> 2 | V12: =IF(tblBoots[[#This Row],[Name]]="","", tblBoots[[#This Row],[phy]]*Sheet1!$E$2 + tblBoots[[#This Row],[mag]]*Sheet1!$F$2 + tblBoots[[#This Row],[sta]]*Sheet1!$G$2) -> 8 | W12: =IF(tblBoots[[#This Row],[Name]]="","", _xlfn.RANK.EQ(tblBoots[[#This Row],[Score]], tblBoots[Score], 0)) -> 11
A13: 西林隐行裤 | B13: SIRIN'S STALKS | C13: 蓝手初始 | D13: 3 | E13: 0 | F13: 2 | I13: 1 | O13: 1 | S13: =IF(tblBoots[[#This Row],[Name]]="","", IF( AND( Sheet1!$A$2 >= tblBoots[[#This Row],[min_cor]], Sheet1!$B$2 >= tblBoots[[#This Row],[min_spi]], Sheet1!$C$2 >= tblBoots[[#This Row],[min_gra]] ), _xlfn.FLOOR.MATH( value*tblBoots[[#This Row],[phy_cor]]*Sheet1!$A$2 + value*tblBoots[[#This Row],[phy_spi]]*Sheet1!$B$2 + value*tblBoots[[#This Row],[phy_gra]]*Sheet1!$C$2 ) + tblBoots[[#This Row],[Base_phy]], tblBoots[[#This Row],[Base_phy]] )) -> 7 | T13: =IF(tblBoots[[#This Row],[Name]]="","", IF(AND(Sheet1!$A$2>=tblBoots[[#This Row],[min_cor]], Sheet1!$B$2>=tblBoots[[#This Row],[min_spi]], Sheet1!$C$2>=tblBoots[[#This Row],[min_gra]]), _xlfn.FLOOR.MATH(value*tblBoots[[#This Row],[mag_cor]]*Sheet1!$A$2 + value*tblBoots[[#This Row],[mag_spi]]*Sheet1!$B$2 + value*tblBoots[[#This Row],[mag_gra]]*Sheet1!$C$2) + tblBoots[[#This Row],[Base_mag]], tblBoots[[#This Row],[Base_mag]])) -> 0 | U13: =IF(tblBoots[[#This Row],[Name]]="","", IF(AND(Sheet1!$A$2>=tblBoots[[#This Row],[min_cor]], Sheet1!$B$2>=tblBoots[[#This Row],[min_spi]], Sheet1!$C$2>=tblBoots[[#This Row],[min_gra]]), _xlfn.FLOOR.MATH(value*tblBoots[[#This Row],[sta_cor]]*Sheet1!$A$2 + value*tblBoots[[#This Row],[sta_spi]]*Sheet1!$B$2 + value*tblBoots[[#This Row],[sta_gra]]*Sheet1!$C$2) + tblBoots[[#This Row],[Base_sta]], tblBoots[[#This Row],[Base_sta]])) -> 6 | V13: =IF(tblBoots[[#This Row],[Name]]="","", tblBoots[[#This Row],[phy]]*Sheet1!$E$2 + tblBoots[[#This Row],[mag]]*Sheet1!$F$2 + tblBoots[[#This Row],[sta]]*Sheet1!$G$2) -> 13 | W13: =IF(tblBoots[[#This Row],[Name]]="","", _xlfn.RANK.EQ(tblBoots[[#This Row],[Score]], tblBoots[Score], 0)) -> 7
A14: 钢咏师布条 | B14: STEELSINGER'S SHREDS | C14: 双轨炮 | D14: 3 | E14: 3 | F14: 2 | H14: 2 | K14: 2 | N14: 2 | Q14: 14 | S14: =IF(tblBoots[[#This Row],[Name]]="","", IF( AND( Sheet1!$A$2 >= tblBoots[[#This Row],[min_cor]], Sheet1!$B$2 >= tblBoots[[#This Row],[min_spi]], Sheet1!$C$2 >= tblBoots[[#This Row],[min_gra]] ), _xlfn.FLOOR.MATH( value*tblBoots[[#This Row],[phy_cor]]*Sheet1!$A$2 + value*tblBoots[[#This Row],[phy_spi]]*Sheet1!$B$2 + value*tblBoots[[#This Row],[phy_gra]]*Sheet1!$C$2 ) + tblBoots[[#This Row],[Base_phy]], tblBoots[[#This Row],[Base_phy]] )) -> 3 | T14: =IF(tblBoots[[#This Row],[Name]]="","", IF(AND(Sheet1!$A$2>=tblBoots[[#This Row],[min_cor]], Sheet1!$B$2>=tblBoots[[#This Row],[min_spi]], Sheet1!$C$2>=tblBoots[[#This Row],[min_gra]]), _xlfn.FLOOR.MATH(value*tblBoots[[#This Row],[mag_cor]]*Sheet1!$A$2 + value*tblBoots[[#This Row],[mag_spi]]*Sheet1!$B$2 + value*tblBoots[[#This Row],[mag_gra]]*Sheet1!$C$2) + tblBoots[[#This Row],[Base_mag]], tblBoots[[#This Row],[Base_mag]])) -> 3 | U14: =IF(tblBoots[[#This Row],[Name]]="","", IF(AND(Sheet1!$A$2>=tblBoots[[#This Row],[min_cor]], Sheet1!$B$2>=tblBoots[[#This Row],[min_spi]], Sheet1!$C$2>=tblBoots[[#This Row],[min_gra]]), _xlfn.FLOOR.MATH(value*tblBoots[[#This Row],[sta_cor]]*Sheet1!$A$2 + value*tblBoots[[#This Row],[sta_spi]]*Sheet1!$B$2 + value*tblBoots[[#This Row],[sta_gra]]*Sheet1!$C$2) + tblBoots[[#This Row],[Base_sta]], tblBoots[[#This Row],[Base_sta]])) -> 2 | V14: =IF(tblBoots[[#This Row],[Name]]="","", tblBoots[[#This Row],[phy]]*Sheet1!$E$2 + tblBoots[[#This Row],[mag]]*Sheet1!$F$2 + tblBoots[[#This Row],[sta]]*Sheet1!$G$2) -> 8 | W14: =IF(tblBoots[[#This Row],[Name]]="","", _xlfn.RANK.EQ(tblBoots[[#This Row],[Score]], tblBoots[Score], 0)) -> 11
A15: 暴风绑腿 | B15: TEMPEST BREAS | C15: 集团 | D15: 3 | E15: 0 | F15: 3 | I15: 2 | O15: 2 | R15: 10 | S15: =IF(tblBoots[[#This Row],[Name]]="","", IF( AND( Sheet1!$A$2 >= tblBoots[[#This Row],[min_cor]], Sheet1!$B$2 >= tblBoots[[#This Row],[min_spi]], Sheet1!$C$2 >= tblBoots[[#This Row],[min_gra]] ), _xlfn.FLOOR.MATH( value*tblBoots[[#This Row],[phy_cor]]*Sheet1!$A$2 + value*tblBoots[[#This Row],[phy_spi]]*Sheet1!$B$2 + value*tblBoots[[#This Row],[phy_gra]]*Sheet1!$C$2 ) + tblBoots[[#This Row],[Base_phy]], tblBoots[[#This Row],[Base_phy]] )) -> 12 | T15: =IF(tblBoots[[#This Row],[Name]]="","", IF(AND(Sheet1!$A$2>=tblBoots[[#This Row],[min_cor]], Sheet1!$B$2>=tblBoots[[#This Row],[min_spi]], Sheet1!$C$2>=tblBoots[[#This Row],[min_gra]]), _xlfn.FLOOR.MATH(value*tblBoots[[#This Row],[mag_cor]]*Sheet1!$A$2 + value*tblBoots[[#This Row],[mag_spi]]*Sheet1!$B$2 + value*tblBoots[[#This Row],[mag_gra]]*Sheet1!$C$2) + tblBoots[[#This Row],[Base_mag]], tblBoots[[#This Row],[Base_mag]])) -> 0 | U15: =IF(tblBoots[[#This Row],[Name]]="","", IF(AND(Sheet1!$A$2>=tblBoots[[#This Row],[min_cor]], Sheet1!$B$2>=tblBoots[[#This Row],[min_spi]], Sheet1!$C$2>=tblBoots[[#This Row],[min_gra]]), _xlfn.FLOOR.MATH(value*tblBoots[[#This Row],[sta_cor]]*Sheet1!$A$2 + value*tblBoots[[#This Row],[sta_spi]]*Sheet1!$B$2 + value*tblBoots[[#This Row],[sta_gra]]*Sheet1!$C$2) + tblBoots[[#This Row],[Base_sta]], tblBoots[[#This Row],[Base_sta]])) -> 12 | V15: =IF(tblBoots[[#This Row],[Name]]="","", tblBoots[[#This Row],[phy]]*Sheet1!$E$2 + tblBoots[[#This Row],[mag]]*Sheet1!$F$2 + tblBoots[[#This Row],[sta]]*Sheet1!$G$2) -> 24 | W15: =IF(tblBoots[[#This Row],[Name]]="","", _xlfn.RANK.EQ(tblBoots[[#This Row],[Score]], tblBoots[Score], 0)) -> 5
A16: 特斯伦孤根鞋裤 | B16: TETHREN'S ROOTS | C16: 红手初始 | D16: 4 | E16: 0 | F16: 1 | G16: 1 | M16: 1 | S16: =IF(tblBoots[[#This Row],[Name]]="","", IF( AND( Sheet1!$A$2 >= tblBoots[[#This Row],[min_cor]], Sheet1!$B$2 >= tblBoots[[#This Row],[min_spi]], Sheet1!$C$2 >= tblBoots[[#This Row],[min_gra]] ), _xlfn.FLOOR.MATH( value*tblBoots[[#This Row],[phy_cor]]*Sheet1!$A$2 + value*tblBoots[[#This Row],[phy_spi]]*Sheet1!$B$2 + value*tblBoots[[#This Row],[phy_gra]]*Sheet1!$C$2 ) + tblBoots[[#This Row],[Base_phy]], tblBoots[[#This Row],[Base_phy]] )) -> 4 | T16: =IF(tblBoots[[#This Row],[Name]]="","", IF(AND(Sheet1!$A$2>=tblBoots[[#This Row],[min_cor]], Sheet1!$B$2>=tblBoots[[#This Row],[min_spi]], Sheet1!$C$2>=tblBoots[[#This Row],[min_gra]]), _xlfn.FLOOR.MATH(value*tblBoots[[#This Row],[mag_cor]]*Sheet1!$A$2 + value*tblBoots[[#This Row],[mag_spi]]*Sheet1!$B$2 + value*tblBoots[[#This Row],[mag_gra]]*Sheet1!$C$2) + tblBoots[[#This Row],[Base_mag]], tblBoots[[#This Row],[Base_mag]])) -> 0 | U16: =IF(tblBoots[[#This Row],[Name]]="","", IF(AND(Sheet1!$A$2>=tblBoots[[#This Row],[min_cor]], Sheet1!$B$2>=tblBoots[[#This Row],[min_spi]], Sheet1!$C$2>=tblBoots[[#This Row],[min_gra]]), _xlfn.FLOOR.MATH(value*tblBoots[[#This Row],[sta_cor]]*Sheet1!$A$2 + value*tblBoots[[#This Row],[sta_spi]]*Sheet1!$B$2 + value*tblBoots[[#This Row],[sta_gra]]*Sheet1!$C$2) + tblBoots[[#This Row],[Base_sta]], tblBoots[[#This Row],[Base_sta]])) -> 1 | V16: =IF(tblBoots[[#This Row],[Name]]="","", tblBoots[[#This Row],[phy]]*Sheet1!$E$2 + tblBoots[[#This Row],[mag]]*Sheet1!$F$2 + tblBoots[[#This Row],[sta]]*Sheet1!$G$2) -> 5 | W16: =IF(tblBoots[[#This Row],[Name]]="","", _xlfn.RANK.EQ(tblBoots[[#This Row],[Score]], tblBoots[Score], 0)) -> 19
A17: 雪融瓦式腿甲 | B17: THAWTIDE SHINGLES | C17: 雪融节 | D17: 4 | E17: 0 | F17: 3 | G17: 2 | I17: 2 | M17: 2 | O17: 2 | R17: 17 | S17: =IF(tblBoots[[#This Row],[Name]]="","", IF( AND( Sheet1!$A$2 >= tblBoots[[#This Row],[min_cor]], Sheet1!$B$2 >= tblBoots[[#This Row],[min_spi]], Sheet1!$C$2 >= tblBoots[[#This Row],[min_gra]] ), _xlfn.FLOOR.MATH( value*tblBoots[[#This Row],[phy_cor]]*Sheet1!$A$2 + value*tblBoots[[#This Row],[phy_spi]]*Sheet1!$B$2 + value*tblBoots[[#This Row],[phy_gra]]*Sheet1!$C$2 ) + tblBoots[[#This Row],[Base_phy]], tblBoots[[#This Row],[Base_phy]] )) -> 15 | T17: =IF(tblBoots[[#This Row],[Name]]="","", IF(AND(Sheet1!$A$2>=tblBoots[[#This Row],[min_cor]], Sheet1!$B$2>=tblBoots[[#This Row],[min_spi]], Sheet1!$C$2>=tblBoots[[#This Row],[min_gra]]), _xlfn.FLOOR.MATH(value*tblBoots[[#This Row],[mag_cor]]*Sheet1!$A$2 + value*tblBoots[[#This Row],[mag_spi]]*Sheet1!$B$2 + value*tblBoots[[#This Row],[mag_gra]]*Sheet1!$C$2) + tblBoots[[#This Row],[Base_mag]], tblBoots[[#This Row],[Base_mag]])) -> 0 | U17: =IF(tblBoots[[#This Row],[Name]]="","", IF(AND(Sheet1!$A$2>=tblBoots[[#This Row],[min_cor]], Sheet1!$B$2>=tblBoots[[#This Row],[min_spi]], Sheet1!$C$2>=tblBoots[[#This Row],[min_gra]]), _xlfn.FLOOR.MATH(value*tblBoots[[#This Row],[sta_cor]]*Sheet1!$A$2 + value*tblBoots[[#This Row],[sta_spi]]*Sheet1!$B$2 + value*tblBoots[[#This Row],[sta_gra]]*Sheet1!$C$2) + tblBoots[[#This Row],[Base_sta]], tblBoots[[#This Row],[Base_sta]])) -> 14 | V17: =IF(tblBoots[[#This Row],[Name]]="","", tblBoots[[#This Row],[phy]]*Sheet1!$E$2 + tblBoots[[#This Row],[mag]]*Sheet1!$F$2 + tblBoots[[#This Row],[sta]]*Sheet1!$G$2) -> 29 | W17: =IF(tblBoots[[#This Row],[Name]]="","", _xlfn.RANK.EQ(tblBoots[[#This Row],[Score]], tblBoots[Score], 0)) -> 4
A18: 巫术师的下装 | B18: WAZZARD'S TRUNKS | C18: 器管 | D18: 3 | E18: 4 | F18: 4 | H18: 2 | K18: 2 | N18: 2 | Q18: 22 | S18: =IF(tblBoots[[#This Row],[Name]]="","", IF( AND( Sheet1!$A$2 >= tblBoots[[#This Row],[min_cor]], Sheet1!$B$2 >= tblBoots[[#This Row],[min_spi]], Sheet1!$C$2 >= tblBoots[[#This Row],[min_gra]] ), _xlfn.FLOOR.MATH( value*tblBoots[[#This Row],[phy_cor]]*Sheet1!$A$2 + value*tblBoots[[#This Row],[phy_spi]]*Sheet1!$B$2 + value*tblBoots[[#This Row],[phy_gra]]*Sheet1!$C$2 ) + tblBoots[[#This Row],[Base_phy]], tblBoots[[#This Row],[Base_phy]] )) -> 3 | T18: =IF(tblBoots[[#This Row],[Name]]="","", IF(AND(Sheet1!$A$2>=tblBoots[[#This Row],[min_cor]], Sheet1!$B$2>=tblBoots[[#This Row],[min_spi]], Sheet1!$C$2>=tblBoots[[#This Row],[min_gra]]), _xlfn.FLOOR.MATH(value*tblBoots[[#This Row],[mag_cor]]*Sheet1!$A$2 + value*tblBoots[[#This Row],[mag_spi]]*Sheet1!$B$2 + value*tblBoots[[#This Row],[mag_gra]]*Sheet1!$C$2) + tblBoots[[#This Row],[Base_mag]], tblBoots[[#This Row],[Base_mag]])) -> 4 | U18: =IF(tblBoots[[#This Row],[Name]]="","", IF(AND(Sheet1!$A$2>=tblBoots[[#This Row],[min_cor]], Sheet1!$B$2>=tblBoots[[#This Row],[min_spi]], Sheet1!$C$2>=tblBoots[[#This Row],[min_gra]]), _xlfn.FLOOR.MATH(value*tblBoots[[#This Row],[sta_cor]]*Sheet1!$A$2 + value*tblBoots[[#This Row],[sta_spi]]*Sheet1!$B$2 + value*tblBoots[[#This Row],[sta_gra]]*Sheet1!$C$2) + tblBoots[[#This Row],[Base_sta]], tblBoots[[#This Row],[Base_sta]])) -> 4 | V18: =IF(tblBoots[[#This Row],[Name]]="","", tblBoots[[#This Row],[phy]]*Sheet1!$E$2 + tblBoots[[#This Row],[mag]]*Sheet1!$F$2 + tblBoots[[#This Row],[sta]]*Sheet1!$G$2) -> 11 | W18: =IF(tblBoots[[#This Row],[Name]]="","", _xlfn.RANK.EQ(tblBoots[[#This Row],[Score]], tblBoots[Score], 0)) -> 8
A19: 荒源奥瑟达钟鸣护腿 | B19: WYLD OSCELDA BELTOLLS | C19: 绿手大包 | D19: 2 | E19: 4 | F19: 0 | H19: 2 | K19: 1 | S19: =IF(tblBoots[[#This Row],[Name]]="","", IF( AND( Sheet1!$A$2 >= tblBoots[[#This Row],[min_cor]], Sheet1!$B$2 >= tblBoots[[#This Row],[min_spi]], Sheet1!$C$2 >= tblBoots[[#This Row],[min_gra]] ), _xlfn.FLOOR.MATH( value*tblBoots[[#This Row],[phy_cor]]*Sheet1!$A$2 + value*tblBoots[[#This Row],[phy_spi]]*Sheet1!$B$2 + value*tblBoots[[#This Row],[phy_gra]]*Sheet1!$C$2 ) + tblBoots[[#This Row],[Base_phy]], tblBoots[[#This Row],[Base_phy]] )) -> 3 | T19: =IF(tblBoots[[#This Row],[Name]]="","", IF(AND(Sheet1!$A$2>=tblBoots[[#This Row],[min_cor]], Sheet1!$B$2>=tblBoots[[#This Row],[min_spi]], Sheet1!$C$2>=tblBoots[[#This Row],[min_gra]]), _xlfn.FLOOR.MATH(value*tblBoots[[#This Row],[mag_cor]]*Sheet1!$A$2 + value*tblBoots[[#This Row],[mag_spi]]*Sheet1!$B$2 + value*tblBoots[[#This Row],[mag_gra]]*Sheet1!$C$2) + tblBoots[[#This Row],[Base_mag]], tblBoots[[#This Row],[Base_mag]])) -> 4 | U19: =IF(tblBoots[[#This Row],[Name]]="","", IF(AND(Sheet1!$A$2>=tblBoots[[#This Row],[min_cor]], Sheet1!$B$2>=tblBoots[[#This Row],[min_spi]], Sheet1!$C$2>=tblBoots[[#This Row],[min_gra]]), _xlfn.FLOOR.MATH(value*tblBoots[[#This Row],[sta_cor]]*Sheet1!$A$2 + value*tblBoots[[#This Row],[sta_spi]]*Sheet1!$B$2 + value*tblBoots[[#This Row],[sta_gra]]*Sheet1!$C$2) + tblBoots[[#This Row],[Base_sta]], tblBoots[[#This Row],[Base_sta]])) -> 0 | V19: =IF(tblBoots[[#This Row],[Name]]="","", tblBoots[[#This Row],[phy]]*Sheet1!$E$2 + tblBoots[[#This Row],[mag]]*Sheet1!$F$2 + tblBoots[[#This Row],[sta]]*Sheet1!$G$2) -> 7 | W19: =IF(tblBoots[[#This Row],[Name]]="","", _xlfn.RANK.EQ(tblBoots[[#This Row],[Score]], tblBoots[Score], 0)) -> 14
A20: 荒源西林织语枝护腿 | B20: WYLD SIRIN WEVETBELT | C20: 西林大包 | D20: 3 | E20: 0 | F20: 2 | I20: 2 | O20: 1 | S20: =IF(tblBoots[[#This Row],[Name]]="","", IF( AND( Sheet1!$A$2 >= tblBoots[[#This Row],[min_cor]], Sheet1!$B$2 >= tblBoots[[#This Row],[min_spi]], Sheet1!$C$2 >= tblBoots[[#This Row],[min_gra]] ), _xlfn.FLOOR.MATH( value*tblBoots[[#This Row],[phy_cor]]*Sheet1!$A$2 + value*tblBoots[[#This Row],[phy_spi]]*Sheet1!$B$2 + value*tblBoots[[#This Row],[phy_gra]]*Sheet1!$C$2 ) + tblBoots[[#This Row],[Base_phy]], tblBoots[[#This Row],[Base_phy]] )) -> 12 | T20: =IF(tblBoots[[#This Row],[Name]]="","", IF(AND(Sheet1!$A$2>=tblBoots[[#This Row],[min_cor]], Sheet1!$B$2>=tblBoots[[#This Row],[min_spi]], Sheet1!$C$2>=tblBoots[[#This Row],[min_gra]]), _xlfn.FLOOR.MATH(value*tblBoots[[#This Row],[mag_cor]]*Sheet1!$A$2 + value*tblBoots[[#This Row],[mag_spi]]*Sheet1!$B$2 + value*tblBoots[[#This Row],[mag_gra]]*Sheet1!$C$2) + tblBoots[[#This Row],[Base_mag]], tblBoots[[#This Row],[Base_mag]])) -> 0 | U20: =IF(tblBoots[[#This Row],[Name]]="","", IF(AND(Sheet1!$A$2>=tblBoots[[#This Row],[min_cor]], Sheet1!$B$2>=tblBoots[[#This Row],[min_spi]], Sheet1!$C$2>=tblBoots[[#This Row],[min_gra]]), _xlfn.FLOOR.MATH(value*tblBoots[[#This Row],[sta_cor]]*Sheet1!$A$2 + value*tblBoots[[#This Row],[sta_spi]]*Sheet1!$B$2 + value*tblBoots[[#This Row],[sta_gra]]*Sheet1!$C$2) + tblBoots[[#This Row],[Base_sta]], tblBoots[[#This Row],[Base_sta]])) -> 6 | V20: =IF(tblBoots[[#This Row],[Name]]="","", tblBoots[[#This Row],[phy]]*Sheet1!$E$2 + tblBoots[[#This Row],[mag]]*Sheet1!$F$2 + tblBoots[[#This Row],[sta]]*Sheet1!$G$2) -> 18 | W20: =IF(tblBoots[[#This Row],[Name]]="","", _xlfn.RANK.EQ(tblBoots[[#This Row],[Score]], tblBoots[Score], 0)) -> 6
A21: 荒源特斯伦踏火腿甲 | B21: WYLD TETHREN FLAMEFOOT | C21: 红手大包 | D21: 4 | E21: 0 | F21: 1 | G21: 2 | M21: 1 | S21: =IF(tblBoots[[#This Row],[Name]]="","", IF( AND( Sheet1!$A$2 >= tblBoots[[#This Row],[min_cor]], Sheet1!$B$2 >= tblBoots[[#This Row],[min_spi]], Sheet1!$C$2 >= tblBoots[[#This Row],[min_gra]] ), _xlfn.FLOOR.MATH( value*tblBoots[[#This Row],[phy_cor]]*Sheet1!$A$2 + value*tblBoots[[#This Row],[phy_spi]]*Sheet1!$B$2 + value*tblBoots[[#This Row],[phy_gra]]*Sheet1!$C$2 ) + tblBoots[[#This Row],[Base_phy]], tblBoots[[#This Row],[Base_phy]] )) -> 5 | T21: =IF(tblBoots[[#This Row],[Name]]="","", IF(AND(Sheet1!$A$2>=tblBoots[[#This Row],[min_cor]], Sheet1!$B$2>=tblBoots[[#This Row],[min_spi]], Sheet1!$C$2>=tblBoots[[#This Row],[min_gra]]), _xlfn.FLOOR.MATH(value*tblBoots[[#This Row],[mag_cor]]*Sheet1!$A$2 + value*tblBoots[[#This Row],[mag_spi]]*Sheet1!$B$2 + value*tblBoots[[#This Row],[mag_gra]]*Sheet1!$C$2) + tblBoots[[#This Row],[Base_mag]], tblBoots[[#This Row],[Base_mag]])) -> 0 | U21: =IF(tblBoots[[#This Row],[Name]]="","", IF(AND(Sheet1!$A$2>=tblBoots[[#This Row],[min_cor]], Sheet1!$B$2>=tblBoots[[#This Row],[min_spi]], Sheet1!$C$2>=tblBoots[[#This Row],[min_gra]]), _xlfn.FLOOR.MATH(value*tblBoots[[#This Row],[sta_cor]]*Sheet1!$A$2 + value*tblBoots[[#This Row],[sta_spi]]*Sheet1!$B$2 + value*tblBoots[[#This Row],[sta_gra]]*Sheet1!$C$2) + tblBoots[[#This Row],[Base_sta]], tblBoots[[#This Row],[Base_sta]])) -> 1 | V21: =IF(tblBoots[[#This Row],[Name]]="","", tblBoots[[#This Row],[phy]]*Sheet1!$E$2 + tblBoots[[#This Row],[mag]]*Sheet1!$F$2 + tblBoots[[#This Row],[sta]]*Sheet1!$G$2) -> 6 | W21: =IF(tblBoots[[#This Row],[Name]]="","", _xlfn.RANK.EQ(tblBoots[[#This Row],[Score]], tblBoots[Score], 0)) -> 16

Sheet Sheet1
A1: Courage | B1: Spirit | C1: Grace | E1: Phy | F1: Magic | G1: Stable | I1: 头盔 Helmet | J1: 名称 | K1: 英文名称 | L1: 获取 | M1: 物理 | N1: 魔法 | O1: 硬直 | P1: 综合得分 | Q1: 排名
A2: 8 | B2: 7 | C2: 38 | E2: 1 | F2: 1 | G2: 1 | J2: {=_xlfn.LET(_xlpm.data, CHOOSE({1,2,3,4,5,6,7,8}, helmet!A2:A1000, helmet!B2:B1000, helmet!C2:C1000, helmet!S2:S1000, helmet!T2:T1000, helmet!U2:U1000, helmet!V2:V1000, helmet!W2:W1000 ), _xlpm.r, helmet!W2:W1000, _xlfn._xlws.SORT( _xlfn._xlws.FILTER(_xlpm.data, (_xlpm.r>=1)*(_xlpm.r<=3)), 8, 1 ) )} -> 奥伦加头盔 | K2: ARMET OF ORENGALL | L2: 集团 | M2: 17 | N2: 7 | O2: 16 | P2: 40 | Q2: 1
J3: ！Poppa Pepo面具 | K3: POPPA PEPO MASK | L3: 某个节日 | M3: 6 | N3: 12 | O3: 16 | P3: 34 | Q3: 2
J4: 加伦之恩典头冠 | K4: GARREN'S CROWN OF GRACE | L4: 鹿 | M4: 11 | N4: 8 | O4: 12 | P4: 31 | Q4: 3
A6: value | E6: 最高护甲值 | G6: 最高得分
A7: 0.12 | E7: =M2+N2+O2+M9+N9+O9+M15+N15+O15 -> 126 | G7: =P2+P9+P15 -> 126
I8: 胸甲 Cuirass
J9: {=_xlfn.LET( _xlpm.data, CHOOSE({1,2,3,4,5,6,7,8}, 'body armor'!A2:A1000, 'body armor'!B2:B1000, 'body armor'!C2:C1000, 'body armor'!S2:S1000, 'body armor'!T2:T1000, 'body armor'!U2:U1000, 'body armor'!V2:V1000, 'body armor'!W2:W1000 ), _xlpm.r, 'body armor'!W2:W1000, _xlfn._xlws.SORT(_xlfn._xlws.FILTER(_xlpm.data,(_xlpm.r>=1)*(_xlpm.r<=3)),8,1) )} -> 奥伦加胸甲 | K9: ORENGALL'S CUIRASS | L9: 集团 | M9: 19 | N9: 8 | O9: 17 | P9: 44 | Q9: 1
J10: 嘲魂束衣 | K10: MOCKERY BINDS | L10: 三重 | M10: 10 | N10: 10 | O10: 13 | P10: 33 | Q10: 2
J11: 加伦·鲁德礼服 | K11: REGALIA OF GARREN ROOD | L11: 鹿 | M11: 12 | N11: 9 | O11: 12 | P11: 33 | Q11: 2
I14: 腿甲 Leggings
J15: {=_xlfn.LET( _xlpm.data, CHOOSE({1,2,3,4,5,6,7,8}, boots!A2:A1000, boots!B2:B1000, boots!C2:C1000, boots!S2:S1000, boots!T2:T1000, boots!U2:U1000, boots!V2:V1000, boots!W2:W1000 ), _xlpm.r, boots!W2:W1000, _xlfn._xlws.SORT(_xlfn._xlws.FILTER(_xlpm.data,(_xlpm.r>=1)*(_xlpm.r<=3)),8,1) )} -> 奥伦加护胫 | K15: ORENGALL'S GREAVES | L15: 集团 | M15: 18 | N15: 8 | O15: 16 | P15: 42 | Q15: 1
J16: 加伦之分蹄靴裤 | K16: GARREN'S CLOVEN HOSEN | L16: 鹿 | M16: 12 | N16: 8 | O16: 12 | P16: 32 | Q16: 2
J17: 嘲魂绑腿 | K17: MONCKERY DOUTHROT | L17: 三重 | M17: 10 | N17: 10 | O17: 11 | P17: 31 | Q17: 3
